loc_id,borough_name,zone_name,service_zone,total_pickups,total_dropoffs,total_activity,overall_avg_fare,overall_avg_dist,airport_ratio,cross_borough_ratio,Morning Rush_pickups,Morning Rush_dropoffs,Morning Rush_pickup_share,Morning Rush_net_flow,Midday_pickups,Midday_dropoffs,Midday_pickup_share,Midday_net_flow,Evening Rush_pickups,Evening Rush_dropoffs,Evening Rush_pickup_share,Evening Rush_net_flow,Late Night_pickups,Late Night_dropoffs,Late Night_pickup_share,Late Night_net_flow,Overnight_pickups,Overnight_dropoffs,Overnight_pickup_share,Overnight_net_flow,tidal_reversal,raw_cluster,hierarchical_cluster,cluster_id,cluster_name,cluster_tag,cluster_desc
1,EWR,Newark Airport,EWR,6.0,661.0,667.0,86.96666666666665,7.398333333333333,1.0,0.5,0.0,124.0,0.0,0.9999999193548452,3.0,338.0,0.4999991666680556,0.9824046632725906,1.0,136.0,0.16666638888935187,0.985401387926906,2.0,20.0,0.33333277777870374,0.8181814462811607,0.0,43.0,0.0,0.9999997674419144,0.01459853142793921,4,1,2,Intermodal Airport & Long-Haul Transit,✈️ Regional Gateways & Airport Hubs (JFK/LGA/EWR),"Extremely high average trip distance and fare, high cross-borough transit, and steady all-day departure/arrival volume."
2,Queens,Jamaica Bay,Boro Zone,0.0,1.0,1.0,,,,,0.0,0.0,0.0,0.0,0.0,0.0,0.0,0.0,0.0,1.0,0.0,0.9999900000999989,0.0,0.0,0.0,0.0,0.0,0.0,0.0,0.0,-0.9999900000999989,3,2,4,Outer-Borough & Low-Density Periphery,🌳 Outer Boroughs & Peripheral Transit Connectors,"Lower trip density, balanced off-peak demand, high cross-borough connection requirement to central urban cores."
3,Bronx,Allerton/Pelham Gardens,Boro Zone,14.0,39.0,53.0,45.1,14.46642857142857,0.0,0.9285714285714286,7.0,4.0,0.49999964285739795,-0.2727270247936138,4.0,16.0,0.2857140816327988,0.59999970000015,2.0,8.0,0.1428570408163994,0.5999994000006,0.0,10.0,0.0,0.9999990000010001,1.0,1.0,0.0714285204081997,0.0,-0.8727264247942139,1,4,3,Residential Morning Outflow / Commuter Origins,🏡 Residential Neighborhoods & Commuter Communities,Strong negative net flow during morning rush (passengers leave for work) and positive inflow in evening return hours.
4,Manhattan,Alphabet City,Yellow Zone,370.0,1051.0,1421.0,16.90718918918919,2.7944864864864867,0.005405405405405406,0.12432432432432433,23.0,55.0,0.062162160482103775,0.4102563576594413,42.0,199.0,0.1135135104455808,0.6514522551264624,37.0,284.0,0.09999999729729737,0.7694703810133838,186.0,437.0,0.5027026891161436,0.40288923911895286,82.0,76.0,0.22162161563184823,-0.037974681140842965,-0.35921402335394254,0,1,1,Evening Dining & Nightlife Corridor,"🍸 Nightlife, Entertainment & Cultural Districts",High evening and late-night trip concentration. Massive outflow during late hours with high intra-borough social mobility.
5,Staten Island,Arden Heights,Boro Zone,0.0,2.0,2.0,,,,,0.0,0.0,0.0,0.0,0.0,0.0,0.0,0.0,0.0,0.0,0.0,0.0,0.0,2.0,0.0,0.9999950000249999,0.0,0.0,0.0,0.0,0.0,3,2,4,Outer-Borough & Low-Density Periphery,🌳 Outer Boroughs & Peripheral Transit Connectors,"Lower trip density, balanced off-peak demand, high cross-borough connection requirement to central urban cores."
6,Staten Island,Arrochar/Fort Wadsworth,Boro Zone,1.0,4.0,5.0,75.0,14.88,1.0,1.0,1.0,0.0,0.9999900000999989,-0.9999900000999989,0.0,0.0,0.0,0.0,0.0,1.0,0.0,0.9999900000999989,0.0,3.0,0.0,0.9999966666777778,0.0,0.0,0.0,0.0,-1.9999800001999979,4,3,2,Intermodal Airport & Long-Haul Transit,✈️ Regional Gateways & Airport Hubs (JFK/LGA/EWR),"Extremely high average trip distance and fare, high cross-borough transit, and steady all-day departure/arrival volume."
7,Queens,Astoria,Boro Zone,143.0,639.0,782.0,23.02041958041958,4.164055944055944,0.04895104895104895,0.45454545454545453,28.0,39.0,0.19580418211159564,0.16417907997327164,58.0,137.0,0.40559437723116243,0.4051281843524008,23.0,137.0,0.16083914959166787,0.7124999554687528,27.0,279.0,0.1888111756076101,0.8235293848519809,7.0,47.0,0.04895104552789891,0.7407406035665548,-0.5483208754954811,2,1,0,Core Commercial & Morning Inflow Hub,🏢 Midtown / Lower Manhattan Office & Transit Hubs,High morning dropoff volume and strong positive AM net flow. Sinks workers in morning and disperses passengers in evening rush.
8,Queens,Astoria Park,Boro Zone,0.0,4.0,4.0,,,,,0.0,0.0,0.0,0.0,0.0,1.0,0.0,0.9999900000999989,0.0,1.0,0.0,0.9999900000999989,0.0,1.0,0.0,0.9999900000999989,0.0,1.0,0.0,0.9999900000999989,-0.9999900000999989,3,2,4,Outer-Borough & Low-Density Periphery,🌳 Outer Boroughs & Peripheral Transit Connectors,"Lower trip density, balanced off-peak demand, high cross-borough connection requirement to central urban cores."
9,Queens,Auburndale,Boro Zone,5.0,31.0,36.0,38.1,9.540000000000001,0.0,0.6,0.0,3.0,0.0,0.9999966666777778,5.0,7.0,0.9999980000040001,0.16666652777789354,0.0,7.0,0.0,0.9999985714306123,0.0,10.0,0.0,0.9999990000010001,0.0,4.0,0.0,0.9999975000062501,-1.9047528345694786e-06,2,1,0,Core Commercial & Morning Inflow Hub,🏢 Midtown / Lower Manhattan Office & Transit Hubs,High morning dropoff volume and strong positive AM net flow. Sinks workers in morning and disperses passengers in evening rush.
10,Queens,Baisley Park,Boro Zone,112.0,329.0,441.0,68.10723214285714,13.482142857142858,0.03571428571428571,0.8482142857142857,26.0,32.0,0.23214283641581818,0.1034482580261624,39.0,64.0,0.34821425462372724,0.2427184230370463,27.0,95.0,0.2410714070471958,0.5573770034936882,16.0,127.0,0.14285713010204196,0.7762237219423971,4.0,11.0,0.03571428252551049,0.46666635555576297,-0.4539287454675258,1,4,3,Residential Morning Outflow / Commuter Origins,🏡 Residential Neighborhoods & Commuter Communities,Strong negative net flow during morning rush (passengers leave for work) and positive inflow in evening return hours.
11,Brooklyn,Bath Beach,Boro Zone,17.0,25.0,42.0,45.129411764705885,9.537647058823529,0.0,0.5882352941176471,2.0,3.0,0.11764698961941787,0.19999960000080003,9.0,8.0,0.5294114532873805,-0.058823494809708936,3.0,8.0,0.1764704844291268,0.45454504132268975,2.0,5.0,0.11764698961941787,0.4285708163274053,1.0,1.0,0.058823494809708936,0.0,-0.2545454413218897,2,1,0,Core Commercial & Morning Inflow Hub,🏢 Midtown / Lower Manhattan Office & Transit Hubs,High morning dropoff volume and strong positive AM net flow. Sinks workers in morning and disperses passengers in evening rush.
12,Manhattan,Battery Park,Yellow Zone,94.0,138.0,232.0,23.31382978723404,4.1011702127659575,0.0,0.1276595744680851,2.0,57.0,0.021276593481213458,0.9322032318299607,54.0,60.0,0.5744680239927634,0.05263157433056365,33.0,15.0,0.35106379244002206,-0.37499992187501624,5.0,4.0,0.05319148370303365,-0.11111098765445816,0.0,2.0,0.0,0.9999950000249999,1.3072031537049769,0,0,1,Evening Dining & Nightlife Corridor,"🍸 Nightlife, Entertainment & Cultural Districts",High evening and late-night trip concentration. Massive outflow during late hours with high intra-borough social mobility.
13,Manhattan,Battery Park City,Yellow Zone,1787.0,2155.0,3942.0,22.516166759932847,4.256524902070509,0.03469501958589815,0.10240626748740907,216.0,361.0,0.12087297078414679,0.25129982233449183,644.0,724.0,0.36038052400458576,0.058479531736260734,651.0,508.0,0.36429770361333125,-0.12338222499238806,269.0,520.0,0.15053161639321982,0.3181242038260557,7.0,42.0,0.003917179608745497,0.7142855685131493,0.3746820473268799,0,0,1,Evening Dining & Nightlife Corridor,"🍸 Nightlife, Entertainment & Cultural Districts",High evening and late-night trip concentration. Massive outflow during late hours with high intra-borough social mobility.
14,Brooklyn,Bay Ridge,Boro Zone,82.0,245.0,327.0,36.13170731707317,9.014878048780488,0.0,0.3902439024390244,18.0,29.0,0.21951216835217457,0.23404250339521201,52.0,79.0,0.6341462641285044,0.20610685449565996,8.0,65.0,0.09756096371207759,0.7808218108463273,1.0,59.0,0.012195120464009699,0.9666665055555823,3.0,13.0,0.0365853613920291,0.6249996093752441,-0.5467793074511152,2,1,0,Core Commercial & Morning Inflow Hub,🏢 Midtown / Lower Manhattan Office & Transit Hubs,High morning dropoff volume and strong positive AM net flow. Sinks workers in morning and disperses passengers in evening rush.
15,Queens,Bay Terrace/Fort Totten,Boro Zone,10.0,36.0,46.0,34.42,9.889,0.0,0.6,4.0,3.0,0.3999996000004,-0.14285693877580175,3.0,10.0,0.2999997000003,0.5384611242606736,3.0,11.0,0.2999997000003,0.5714281632655976,0.0,11.0,0.0,0.9999990909099173,0.0,1.0,0.0,0.9999900000999989,-0.7142851020413994,1,4,3,Residential Morning Outflow / Commuter Origins,🏡 Residential Neighborhoods & Commuter Communities,Strong negative net flow during morning rush (passengers leave for work) and positive inflow in evening return hours.
16,Queens,Bayside,Boro Zone,6.0,51.0,57.0,33.75,9.156666666666666,0.0,0.6666666666666666,4.0,11.0,0.6666655555574075,0.46666635555576297,1.0,8.0,0.16666638888935187,0.7777769135812072,0.0,12.0,0.0,0.9999991666673611,1.0,19.0,0.16666638888935187,0.899999550000225,0.0,1.0,0.0,0.9999900000999989,-0.5333328111115981,1,4,3,Residential Morning Outflow / Commuter Origins,🏡 Residential Neighborhoods & Commuter Communities,Strong negative net flow during morning rush (passengers leave for work) and positive inflow in evening return hours.
17,Brooklyn,Bedford,Boro Zone,103.0,342.0,445.0,30.2104854368932,6.86864077669903,0.0,0.5048543689320388,31.0,32.0,0.3009708445659374,0.015873013353489944,49.0,100.0,0.47572810915261077,0.3422818562226942,14.0,70.0,0.13592231690074594,0.6666665873015967,7.0,127.0,0.06796115845037297,0.8955223212296775,2.0,13.0,0.019417473842963703,0.7333328444447704,-0.6507935739481068,1,1,3,Residential Morning Outflow / Commuter Origins,🏡 Residential Neighborhoods & Commuter Communities,Strong negative net flow during morning rush (passengers leave for work) and positive inflow in evening return hours.
18,Bronx,Bedford Park,Boro Zone,42.0,52.0,94.0,42.57142857142857,11.969047619047618,0.0,0.9523809523809523,19.0,10.0,0.4523808446712274,-0.310344720570786,12.0,23.0,0.285714217687091,0.31428562448982156,5.0,11.0,0.11904759070295459,0.3749997656251465,2.0,7.0,0.04761903628118183,0.5555549382722909,4.0,1.0,0.09523807256236366,-0.5999988000024,-0.6853444861959325,1,4,3,Residential Morning Outflow / Commuter Origins,🏡 Residential Neighborhoods & Commuter Communities,Strong negative net flow during morning rush (passengers leave for work) and positive inflow in evening return hours.
19,Queens,Bellerose,Boro Zone,16.0,60.0,76.0,45.025,13.436875,0.0625,0.6875,6.0,11.0,0.3749997656251465,0.29411747404854466,5.0,20.0,0.31249980468762206,0.599999760000096,3.0,8.0,0.18749988281257324,0.45454504132268975,1.0,18.0,0.06249996093752441,0.8947363711913836,1.0,3.0,0.06249996093752441,0.49999875000312505,-0.1604275672741451,1,4,3,Residential Morning Outflow / Commuter Origins,🏡 Residential Neighborhoods & Commuter Communities,Strong negative net flow during morning rush (passengers leave for work) and positive inflow in evening return hours.
20,Bronx,Belmont,Boro Zone,19.0,40.0,59.0,35.44736842105263,9.210526315789474,0.0,0.7894736842105263,1.0,7.0,0.05263155124655198,0.7499990625011719,14.0,19.0,0.7368417174517277,0.15151510560148312,2.0,7.0,0.10526310249310396,0.5555549382722909,0.0,5.0,0.0,0.9999980000040001,2.0,2.0,0.10526310249310396,0.0,0.19444412422888102,2,1,0,Core Commercial & Morning Inflow Hub,🏢 Midtown / Lower Manhattan Office & Transit Hubs,High morning dropoff volume and strong positive AM net flow. Sinks workers in morning and disperses passengers in evening rush.
21,Brooklyn,Bensonhurst East,Boro Zone,36.0,45.0,81.0,38.275000000000006,9.627777777777778,0.0,0.4444444444444444,12.0,8.0,0.3333332407407664,-0.19999990000005,18.0,20.0,0.49999986111114963,0.05263156509695655,5.0,11.0,0.13888885030865267,0.3749997656251465,1.0,6.0,0.027777770061730538,0.7142846938790088,0.0,0.0,0.0,0.0,-0.5749996656251964,1,1,3,Residential Morning Outflow / Commuter Origins,🏡 Residential Neighborhoods & Commuter Communities,Strong negative net flow during morning rush (passengers leave for work) and positive inflow in evening return hours.
22,Brooklyn,Bensonhurst West,Boro Zone,38.0,73.0,111.0,32.602631578947374,7.495,0.0,0.39473684210526316,17.0,14.0,0.4473683033241307,-0.09677416233091538,16.0,26.0,0.4210525207756524,0.23809518140590918,1.0,16.0,0.026315782548478276,0.882352422145634,1.0,14.0,0.026315782548478276,0.8666660888892741,3.0,3.0,0.07894734764543482,0.0,-0.9791265844765494,1,4,3,Residential Morning Outflow / Commuter Origins,🏡 Residential Neighborhoods & Commuter Communities,Strong negative net flow during morning rush (passengers leave for work) and positive inflow in evening return hours.
23,Staten Island,Bloomfield/Emerson Hill,Boro Zone,0.0,9.0,9.0,,,,,0.0,0.0,0.0,0.0,0.0,5.0,0.0,0.9999980000040001,0.0,3.0,0.0,0.9999966666777778,0.0,1.0,0.0,0.9999900000999989,0.0,0.0,0.0,0.0,-0.9999966666777778,3,2,4,Outer-Borough & Low-Density Periphery,🌳 Outer Boroughs & Peripheral Transit Connectors,"Lower trip density, balanced off-peak demand, high cross-borough connection requirement to central urban cores."
24,Manhattan,Bloomingdale,Yellow Zone,647.0,903.0,1550.0,15.408608964451314,2.546244204018547,0.02009273570324575,0.0401854714064915,134.0,76.0,0.207109734047763,-0.2761904630385494,242.0,269.0,0.37403399731013914,0.05283757235151522,170.0,270.0,0.26275115513522174,0.22727272210743815,89.0,260.0,0.13755795768843962,0.4899713326655779,12.0,28.0,0.01854714036248624,0.39999990000002494,-0.5034631851459875,0,0,1,Evening Dining & Nightlife Corridor,"🍸 Nightlife, Entertainment & Cultural Districts",High evening and late-night trip concentration. Massive outflow during late hours with high intra-borough social mobility.
25,Brooklyn,Boerum Hill,Boro Zone,132.0,575.0,707.0,26.41878787878788,5.374090909090909,0.015151515151515152,0.3333333333333333,24.0,51.0,0.1818181680440782,0.3599999520000064,57.0,166.0,0.4318181491046857,0.4887892157493625,29.0,143.0,0.21969695305326112,0.662790659140078,17.0,197.0,0.12878786903122205,0.8411214560223619,5.0,18.0,0.03787878500918295,0.5652171455577628,-0.30279070714007156,2,1,0,Core Commercial & Morning Inflow Hub,🏢 Midtown / Lower Manhattan Office & Transit Hubs,High morning dropoff volume and strong positive AM net flow. Sinks workers in morning and disperses passengers in evening rush.
26,Brooklyn,Borough Park,Boro Zone,54.0,99.0,153.0,28.138333333333335,5.4164814814814815,0.0,0.18518518518518517,18.0,24.0,0.3333332716049497,0.1428571088435455,26.0,43.0,0.48148139231826065,0.24637677588742377,9.0,17.0,0.16666663580247484,0.30769218934915793,0.0,10.0,0.0,0.9999990000010001,1.0,5.0,0.01851851508916387,0.6666655555574075,-0.16483508050561244,2,1,0,Core Commercial & Morning Inflow Hub,🏢 Midtown / Lower Manhattan Office & Transit Hubs,High morning dropoff volume and strong positive AM net flow. Sinks workers in morning and disperses passengers in evening rush.
27,Queens,Breezy Point/Fort Tilden/Riis Beach,Boro Zone,3.0,3.0,6.0,28.53333333333333,6.066666666666666,0.0,1.0,0.0,1.0,0.0,0.9999900000999989,2.0,1.0,0.6666644444518518,-0.3333322222259259,0.0,1.0,0.0,0.9999900000999989,1.0,0.0,0.3333322222259259,-0.9999900000999989,0.0,0.0,0.0,0.0,0.0,2,1,0,Core Commercial & Morning Inflow Hub,🏢 Midtown / Lower Manhattan Office & Transit Hubs,High morning dropoff volume and strong positive AM net flow. Sinks workers in morning and disperses passengers in evening rush.
28,Queens,Briarwood/Jamaica Hills,Boro Zone,31.0,146.0,177.0,56.89354838709678,9.040967741935484,0.12903225806451613,0.6774193548387096,8.0,19.0,0.258064432882441,0.40740725651583093,10.0,38.0,0.3225805411030513,0.5833332118055808,7.0,23.0,0.22580637877213589,0.5333331555556148,5.0,57.0,0.16129027055152564,0.8387095421436221,1.0,9.0,0.03225805411030513,0.7999992000008,-0.12592589903978385,2,1,0,Core Commercial & Morning Inflow Hub,🏢 Midtown / Lower Manhattan Office & Transit Hubs,High morning dropoff volume and strong positive AM net flow. Sinks workers in morning and disperses passengers in evening rush.
29,Brooklyn,Brighton Beach,Boro Zone,34.0,67.0,101.0,39.029411764705884,9.38529411764706,0.0,0.5294117647058824,14.0,12.0,0.41176458477512207,-0.07692304733728948,14.0,34.0,0.41176458477512207,0.41666657986112915,4.0,5.0,0.11764702422146345,0.11111098765445816,0.0,15.0,0.0,0.9999993333337778,2.0,1.0,0.058823512110731724,-0.3333322222259259,-0.18803403499174765,1,1,3,Residential Morning Outflow / Commuter Origins,🏡 Residential Neighborhoods & Commuter Communities,Strong negative net flow during morning rush (passengers leave for work) and positive inflow in evening return hours.
30,Queens,Broad Channel,Boro Zone,0.0,1.0,1.0,,,,,0.0,0.0,0.0,0.0,0.0,0.0,0.0,0.0,0.0,1.0,0.0,0.9999900000999989,0.0,0.0,0.0,0.0,0.0,0.0,0.0,0.0,-0.9999900000999989,3,2,4,Outer-Borough & Low-Density Periphery,🌳 Outer Boroughs & Peripheral Transit Connectors,"Lower trip density, balanced off-peak demand, high cross-borough connection requirement to central urban cores."
31,Bronx,Bronx Park,Boro Zone,3.0,20.0,23.0,42.5,11.6,0.0,0.6666666666666666,0.0,3.0,0.0,0.9999966666777778,1.0,12.0,0.3333322222259259,0.8461531952667729,1.0,2.0,0.3333322222259259,0.3333322222259259,1.0,3.0,0.3333322222259259,0.49999875000312505,0.0,0.0,0.0,0.0,0.6666644444518519,2,0,0,Core Commercial & Morning Inflow Hub,🏢 Midtown / Lower Manhattan Office & Transit Hubs,High morning dropoff volume and strong positive AM net flow. Sinks workers in morning and disperses passengers in evening rush.
32,Bronx,Bronxdale,Boro Zone,25.0,44.0,69.0,41.756,11.353599999999998,0.0,0.96,8.0,7.0,0.3199998720000512,-0.06666662222225185,10.0,17.0,0.399999840000064,0.25925916323734693,4.0,11.0,0.1599999360000256,0.46666635555576297,2.0,8.0,0.0799999680000128,0.5999994000006,1.0,1.0,0.0399999840000064,0.0,-0.5333329777780148,1,4,3,Residential Morning Outflow / Commuter Origins,🏡 Residential Neighborhoods & Commuter Communities,Strong negative net flow during morning rush (passengers leave for work) and positive inflow in evening return hours.
33,Brooklyn,Brooklyn Heights,Boro Zone,129.0,850.0,979.0,24.07829457364341,4.571085271317829,0.015503875968992248,0.4573643410852713,14.0,62.0,0.10852712336999043,0.6315788642659389,62.0,212.0,0.4806201177813862,0.5474452354946995,38.0,209.0,0.2945736205756883,0.6923076642790419,13.0,348.0,0.10077518598641969,0.9279778136294236,2.0,19.0,0.01550387476714149,0.8095234240364647,-0.06072880001310299,2,1,0,Core Commercial & Morning Inflow Hub,🏢 Midtown / Lower Manhattan Office & Transit Hubs,High morning dropoff volume and strong positive AM net flow. Sinks workers in morning and disperses passengers in evening rush.
34,Brooklyn,Brooklyn Navy Yard,Boro Zone,12.0,29.0,41.0,42.050000000000004,5.31,0.0,0.5833333333333334,1.0,4.0,0.08333326388894677,0.5999988000024,2.0,11.0,0.16666652777789354,0.6923071597637233,1.0,6.0,0.08333326388894677,0.7142846938790088,0.0,7.0,0.0,0.9999985714306123,8.0,1.0,0.6666661111115741,-0.7777769135812072,-0.11428589387660881,2,1,0,Core Commercial & Morning Inflow Hub,🏢 Midtown / Lower Manhattan Office & Transit Hubs,High morning dropoff volume and strong positive AM net flow. Sinks workers in morning and disperses passengers in evening rush.
35,Brooklyn,Brownsville,Boro Zone,127.0,161.0,288.0,30.227086614173228,6.4180314960629925,0.0,0.4645669291338583,55.0,29.0,0.43307083204166674,-0.3095237726757413,53.0,78.0,0.41732280178560616,0.19083968008857402,13.0,29.0,0.10236219666439396,0.38095229024945465,2.0,18.0,0.01574803025606061,0.7999996000002,4.0,7.0,0.03149606051212122,0.2727270247936138,-0.690476062925196,1,4,3,Residential Morning Outflow / Commuter Origins,🏡 Residential Neighborhoods & Commuter Communities,Strong negative net flow during morning rush (passengers leave for work) and positive inflow in evening return hours.
36,Brooklyn,Bushwick North,Boro Zone,36.0,190.0,226.0,31.278333333333332,6.153611111111111,0.027777777777777776,0.6111111111111112,7.0,15.0,0.19444439043211376,0.3636361983471826,16.0,52.0,0.4444443209876886,0.5294116868512225,4.0,40.0,0.11111108024692215,0.8181816322314471,6.0,73.0,0.1666666203703832,0.8481011584682078,3.0,10.0,0.0833333101851916,0.5384611242606736,-0.45454543388426455,2,1,0,Core Commercial & Morning Inflow Hub,🏢 Midtown / Lower Manhattan Office & Transit Hubs,High morning dropoff volume and strong positive AM net flow. Sinks workers in morning and disperses passengers in evening rush.
37,Brooklyn,Bushwick South,Boro Zone,110.0,343.0,453.0,26.76636363636364,6.029090909090909,0.0,0.5,35.0,45.0,0.31818178925620094,0.12499998437500195,44.0,85.0,0.3999999636363669,0.3178294327264006,14.0,62.0,0.1272727157024804,0.6315788642659389,9.0,117.0,0.08181817438016596,0.8571427891156517,8.0,34.0,0.07272726611570308,0.6190474716553639,-0.506578879890937,1,1,3,Residential Morning Outflow / Commuter Origins,🏡 Residential Neighborhoods & Commuter Communities,Strong negative net flow during morning rush (passengers leave for work) and positive inflow in evening return hours.
38,Queens,Cambria Heights,Boro Zone,17.0,75.0,92.0,46.92529411764706,14.15764705882353,0.0,0.7647058823529411,3.0,14.0,0.1764704844291268,0.6470584429067983,3.0,32.0,0.1764704844291268,0.8285711918368023,6.0,9.0,0.3529409688582536,0.19999986666675557,1.0,16.0,0.058823494809708936,0.882352422145634,4.0,4.0,0.23529397923883574,0.0,0.4470585762400427,2,1,0,Core Commercial & Morning Inflow Hub,🏢 Midtown / Lower Manhattan Office & Transit Hubs,High morning dropoff volume and strong positive AM net flow. Sinks workers in morning and disperses passengers in evening rush.
39,Brooklyn,Canarsie,Boro Zone,182.0,216.0,398.0,34.535714285714285,7.691978021978023,0.0,0.4065934065934066,74.0,21.0,0.40659338425311076,-0.5578946781163496,79.0,94.0,0.43406591021615876,0.0867051973002776,16.0,44.0,0.08791208308175368,0.46666658888890183,1.0,50.0,0.005494505192609605,0.960784125336446,12.0,7.0,0.06593406231131525,-0.2631577562327599,-1.0245612670052515,1,4,3,Residential Morning Outflow / Commuter Origins,🏡 Residential Neighborhoods & Commuter Communities,Strong negative net flow during morning rush (passengers leave for work) and positive inflow in evening return hours.
40,Brooklyn,Carroll Gardens,Boro Zone,24.0,245.0,269.0,19.658333333333335,4.146249999999999,0.0,0.5,13.0,5.0,0.5416664409723163,-0.4444441975310014,7.0,46.0,0.2916665451389395,0.7358489177643551,2.0,62.0,0.08333329861112558,0.9374998535156478,2.0,128.0,0.08333329861112558,0.9692306946745619,0.0,4.0,0.0,0.9999975000062501,-1.3819440510466492,1,4,3,Residential Morning Outflow / Commuter Origins,🏡 Residential Neighborhoods & Commuter Communities,Strong negative net flow during morning rush (passengers leave for work) and positive inflow in evening return hours.
41,Manhattan,Central Harlem,Boro Zone,725.0,1643.0,2368.0,17.873241379310347,3.2652,0.012413793103448275,0.14206896551724138,164.0,166.0,0.22620689343162906,0.006060605876951337,265.0,507.0,0.3655172363376933,0.31347149853016193,177.0,440.0,0.24413792766706308,0.4262560708872598,97.0,487.0,0.13379310160285376,0.6678082077430102,22.0,43.0,0.030344827167657556,0.3230768733727887,-0.42019546501030847,0,0,1,Evening Dining & Nightlife Corridor,"🍸 Nightlife, Entertainment & Cultural Districts",High evening and late-night trip concentration. Massive outflow during late hours with high intra-borough social mobility.
42,Manhattan,Central Harlem North,Boro Zone,387.0,1113.0,1500.0,25.65470284237726,5.534599483204134,0.00516795865633075,0.3798449612403101,115.0,161.0,0.29715761506052674,0.16666666062801955,147.0,323.0,0.3798449514251951,0.3744680771389771,76.0,246.0,0.19638242386608726,0.5279502941630344,35.0,328.0,0.09043927414885597,0.8071625121993798,14.0,55.0,0.036175709659542386,0.594202812434375,-0.36128363353501486,2,1,0,Core Commercial & Morning Inflow Hub,🏢 Midtown / Lower Manhattan Office & Transit Hubs,High morning dropoff volume and strong positive AM net flow. Sinks workers in morning and disperses passengers in evening rush.
43,Manhattan,Central Park,Yellow Zone,4345.0,3068.0,7413.0,15.341127733026466,2.15413578826237,0.014269275028768699,0.032681242807825084,437.0,393.0,0.1005753737616217,-0.05301204755407172,2053.0,1482.0,0.4724971220425843,-0.16152758087262353,1239.0,762.0,0.2851553503218519,-0.238380808403894,602.0,403.0,0.13855005721852692,-0.19800994827850799,14.0,28.0,0.0032220943539192307,0.33333325396827285,0.1853687608498223,0,0,1,Evening Dining & Nightlife Corridor,"🍸 Nightlife, Entertainment & Cultural Districts",High evening and late-night trip concentration. Massive outflow during late hours with high intra-borough social mobility.
44,Staten Island,Charleston/Tottenville,Boro Zone,0.0,2.0,2.0,,,,,0.0,0.0,0.0,0.0,0.0,0.0,0.0,0.0,0.0,2.0,0.0,0.9999950000249999,0.0,0.0,0.0,0.0,0.0,0.0,0.0,0.0,-0.9999950000249999,3,2,4,Outer-Borough & Low-Density Periphery,🌳 Outer Boroughs & Peripheral Transit Connectors,"Lower trip density, balanced off-peak demand, high cross-borough connection requirement to central urban cores."
45,Manhattan,Chinatown,Yellow Zone,447.0,750.0,1197.0,20.318232662192393,3.483489932885906,0.008948545861297539,0.174496644295302,31.0,112.0,0.0693512288735743,0.5664335268228303,168.0,239.0,0.37583891776646716,0.1744471701610032,106.0,189.0,0.23713646001931857,0.2813559226659009,129.0,175.0,0.2885905975706802,0.15131578449619132,13.0,35.0,0.029082773398595677,0.45833323784724206,0.2850776041569294,0,0,1,Evening Dining & Nightlife Corridor,"🍸 Nightlife, Entertainment & Cultural Districts",High evening and late-night trip concentration. Massive outflow during late hours with high intra-borough social mobility.
46,Bronx,City Island,Boro Zone,6.0,6.0,12.0,45.333333333333336,12.666666666666666,0.0,0.8333333333333334,2.0,0.0,0.33333277777870374,-0.9999950000249999,3.0,4.0,0.4999991666680556,0.14285693877580175,1.0,0.0,0.16666638888935187,-0.9999900000999989,0.0,2.0,0.0,0.9999950000249999,0.0,0.0,0.0,0.0,-4.999925000914729e-06,1,1,3,Residential Morning Outflow / Commuter Origins,🏡 Residential Neighborhoods & Commuter Communities,Strong negative net flow during morning rush (passengers leave for work) and positive inflow in evening return hours.
47,Bronx,Claremont/Bathgate,Boro Zone,40.0,45.0,85.0,38.8,10.49,0.0,0.95,21.0,3.0,0.5249998687500328,-0.7499996875001302,10.0,18.0,0.24999993750001562,0.2857141836735058,5.0,13.0,0.12499996875000781,0.4444441975310014,3.0,9.0,0.07499998125000468,0.49999958333368055,1.0,2.0,0.02499999375000156,0.3333322222259259,-1.1944438850311316,1,4,3,Residential Morning Outflow / Commuter Origins,🏡 Residential Neighborhoods & Commuter Communities,Strong negative net flow during morning rush (passengers leave for work) and positive inflow in evening return hours.
48,Manhattan,Clinton East,Yellow Zone,7108.0,6895.0,14003.0,15.391093134496343,2.3577729319077094,0.020540236353404615,0.06344963421496905,962.0,533.0,0.1353404612614794,-0.28695651981968884,1837.0,2102.0,0.25844119265835513,0.06727595819427276,1635.0,2100.0,0.2300225095244478,0.12449799163454352,2297.0,1870.0,0.32315700573556977,-0.1024718020099069,377.0,290.0,0.05303882941328246,-0.13043478065315173,-0.41145451145423234,0,0,1,Evening Dining & Nightlife Corridor,"🍸 Nightlife, Entertainment & Cultural Districts",High evening and late-night trip concentration. Massive outflow during late hours with high intra-borough social mobility.
49,Brooklyn,Clinton Hill,Boro Zone,112.0,459.0,571.0,27.146785714285716,6.138928571428571,0.0,0.41964285714285715,29.0,38.0,0.25892854830995105,0.13432833815994952,54.0,94.0,0.4821428140943916,0.27027025200876675,22.0,107.0,0.1964285538903077,0.6589146776035133,6.0,205.0,0.05357142378826573,0.9431279173873025,1.0,15.0,0.008928570631377622,0.8749994531253418,-0.5245863394435638,2,1,0,Core Commercial & Morning Inflow Hub,🏢 Midtown / Lower Manhattan Office & Transit Hubs,High morning dropoff volume and strong positive AM net flow. Sinks workers in morning and disperses passengers in evening rush.
50,Manhattan,Clinton West,Yellow Zone,1516.0,2952.0,4468.0,15.83810686015831,2.5811477572559367,0.018469656992084433,0.06200527704485488,260.0,337.0,0.17150395665234858,0.12897822229517217,530.0,964.0,0.34960421932978747,0.29049531264728706,362.0,801.0,0.23878627810826994,0.37747205178441917,312.0,756.0,0.20580474798281828,0.4157303331860456,52.0,94.0,0.03430079133046972,0.2876712131732046,-0.248493829489247,0,0,1,Evening Dining & Nightlife Corridor,"🍸 Nightlife, Entertainment & Cultural Districts",High evening and late-night trip concentration. Massive outflow during late hours with high intra-borough social mobility.
51,Bronx,Co-Op City,Boro Zone,62.0,118.0,180.0,43.74677419354839,12.859516129032258,0.0,0.9032258064516129,25.0,13.0,0.40322574141520295,-0.31578939058173927,21.0,46.0,0.3387096227887705,0.37313427266652643,2.0,35.0,0.032258059313216236,0.8918916508400943,1.0,22.0,0.016129029656608118,0.9130430812856168,13.0,2.0,0.20967738553590554,-0.7333328444447704,-1.2076810414218335,1,4,3,Residential Morning Outflow / Commuter Origins,🏡 Residential Neighborhoods & Commuter Communities,Strong negative net flow during morning rush (passengers leave for work) and positive inflow in evening return hours.
52,Brooklyn,Cobble Hill,Boro Zone,46.0,243.0,289.0,23.20434782608696,4.448913043478261,0.021739130434782608,0.34782608695652173,7.0,18.0,0.1521738799622,0.4399998240000704,21.0,52.0,0.4565216398866,0.4246574760743183,12.0,69.0,0.26086950850662854,0.7037036168267139,4.0,97.0,0.08695650283554286,0.9207919880403972,2.0,7.0,0.04347825141777143,0.5555549382722909,-0.26370379282664347,2,1,0,Core Commercial & Morning Inflow Hub,🏢 Midtown / Lower Manhattan Office & Transit Hubs,High morning dropoff volume and strong positive AM net flow. Sinks workers in morning and disperses passengers in evening rush.
53,Queens,College Point,Boro Zone,13.0,38.0,51.0,32.03076923076923,7.391538461538461,0.0,0.6153846153846154,1.0,5.0,0.07692301775152481,0.6666655555574075,5.0,10.0,0.38461508875762407,0.3333331111112593,5.0,7.0,0.38461508875762407,0.16666652777789354,2.0,14.0,0.15384603550304962,0.749999531250293,0.0,2.0,0.0,0.9999950000249999,0.49999902777951394,2,1,0,Core Commercial & Morning Inflow Hub,🏢 Midtown / Lower Manhattan Office & Transit Hubs,High morning dropoff volume and strong positive AM net flow. Sinks workers in morning and disperses passengers in evening rush.
54,Brooklyn,Columbia Street,Boro Zone,9.0,74.0,83.0,24.322222222222223,4.736666666666666,0.0,0.5555555555555556,1.0,1.0,0.11111098765445816,0.0,5.0,6.0,0.5555549382722909,0.09090900826453795,1.0,29.0,0.11111098765445816,0.933333022222326,2.0,38.0,0.22222197530891633,0.8999997750000561,0.0,0.0,0.0,0.0,-0.933333022222326,2,1,0,Core Commercial & Morning Inflow Hub,🏢 Midtown / Lower Manhattan Office & Transit Hubs,High morning dropoff volume and strong positive AM net flow. Sinks workers in morning and disperses passengers in evening rush.
55,Brooklyn,Coney Island,Boro Zone,97.0,129.0,226.0,43.305154639175264,12.024432989690723,0.0,0.4742268041237113,33.0,26.0,0.34020615049421127,-0.11864404768744954,39.0,55.0,0.4020618142204315,0.17021274784970766,16.0,28.0,0.16494843660325395,0.27272721074381573,5.0,16.0,0.05154638643851686,0.523809274376536,4.0,4.0,0.04123710915081349,0.0,-0.3913712584312653,1,1,3,Residential Morning Outflow / Commuter Origins,🏡 Residential Neighborhoods & Commuter Communities,Strong negative net flow during morning rush (passengers leave for work) and positive inflow in evening return hours.
56,Queens,Corona,Boro Zone,61.0,145.0,206.0,39.020327868852455,8.390983606557377,0.01639344262295082,0.8032786885245902,20.0,21.0,0.327868798710033,0.024390237953600496,15.0,32.0,0.24590159903252473,0.3617020507016913,9.0,21.0,0.14754095941951484,0.3999998666667111,9.0,59.0,0.14754095941951484,0.7352940095155868,8.0,12.0,0.13114751948401318,0.19999990000005,-0.3756096287131106,1,4,3,Residential Morning Outflow / Commuter Origins,🏡 Residential Neighborhoods & Commuter Communities,Strong negative net flow during morning rush (passengers leave for work) and positive inflow in evening return hours.
57,Queens,Corona,Boro Zone,3.0,6.0,9.0,56.1,8.856666666666667,0.0,0.6666666666666666,0.0,1.0,0.0,0.9999900000999989,0.0,2.0,0.0,0.9999950000249999,2.0,1.0,0.6666644444518518,-0.3333322222259259,1.0,2.0,0.3333322222259259,0.3333322222259259,0.0,0.0,0.0,0.0,1.333322222325925,0,0,1,Evening Dining & Nightlife Corridor,"🍸 Nightlife, Entertainment & Cultural Districts",High evening and late-night trip concentration. Massive outflow during late hours with high intra-borough social mobility.
58,Bronx,Country Club,Boro Zone,3.0,7.0,10.0,36.5,8.833333333333334,0.0,0.6666666666666666,1.0,0.0,0.3333322222259259,-0.9999900000999989,1.0,1.0,0.3333322222259259,0.0,1.0,3.0,0.3333322222259259,0.49999875000312505,0.0,3.0,0.0,0.9999966666777778,0.0,0.0,0.0,0.0,-1.499988750103124,1,4,3,Residential Morning Outflow / Commuter Origins,🏡 Residential Neighborhoods & Commuter Communities,Strong negative net flow during morning rush (passengers leave for work) and positive inflow in evening return hours.
59,Bronx,Crotona Park,Boro Zone,1.0,6.0,7.0,63.2,14.75,0.0,1.0,1.0,3.0,0.9999900000999989,0.49999875000312505,0.0,2.0,0.0,0.9999950000249999,0.0,1.0,0.0,0.9999900000999989,0.0,0.0,0.0,0.0,0.0,0.0,0.0,0.0,-0.4999912500968739,1,4,3,Residential Morning Outflow / Commuter Origins,🏡 Residential Neighborhoods & Commuter Communities,Strong negative net flow during morning rush (passengers leave for work) and positive inflow in evening return hours.
60,Bronx,Crotona Park East,Boro Zone,25.0,29.0,54.0,35.736,8.7556,0.0,0.8,9.0,4.0,0.3599998560000576,-0.38461508875762407,11.0,8.0,0.4399998240000704,-0.15789465373965592,3.0,11.0,0.1199999520000192,0.5714281632655976,1.0,4.0,0.0399999840000064,0.5999988000024,1.0,2.0,0.0399999840000064,0.3333322222259259,-0.9560432520232217,1,4,3,Residential Morning Outflow / Commuter Origins,🏡 Residential Neighborhoods & Commuter Communities,Strong negative net flow during morning rush (passengers leave for work) and positive inflow in evening return hours.
61,Brooklyn,Crown Heights North,Boro Zone,212.0,574.0,786.0,29.067924528301884,5.957830188679245,0.0047169811320754715,0.4481132075471698,62.0,74.0,0.29245281639373505,0.08823528762975826,99.0,164.0,0.46698111004806087,0.24714827957611107,26.0,126.0,0.12264150364898567,0.6578946935595597,13.0,177.0,0.061320751824492835,0.8631578493074816,12.0,33.0,0.05660377091491647,0.466666562962986,-0.5696594059298014,1,1,3,Residential Morning Outflow / Commuter Origins,🏡 Residential Neighborhoods & Commuter Communities,Strong negative net flow during morning rush (passengers leave for work) and positive inflow in evening return hours.
62,Brooklyn,Crown Heights South,Boro Zone,62.0,214.0,276.0,26.293548387096774,5.0962903225806455,0.016129032258064516,0.41935483870967744,24.0,36.0,0.38709671175859484,0.19999996666667222,24.0,68.0,0.38709671175859484,0.4782608175803459,6.0,41.0,0.09677417793964871,0.7446806926211291,2.0,63.0,0.032258059313216236,0.9384613940828624,6.0,6.0,0.09677417793964871,0.0,-0.5446807259544569,1,1,3,Residential Morning Outflow / Commuter Origins,🏡 Residential Neighborhoods & Commuter Communities,Strong negative net flow during morning rush (passengers leave for work) and positive inflow in evening return hours.
63,Brooklyn,Cypress Hills,Boro Zone,39.0,97.0,136.0,30.564102564102566,5.838974358974359,0.02564102564102564,0.5641025641025641,12.0,14.0,0.30769222879686436,0.07692304733728948,15.0,41.0,0.38461528599608047,0.4642856313775658,8.0,13.0,0.20512815253124292,0.2380951247166073,1.0,21.0,0.025641019066405365,0.9090904958679564,3.0,8.0,0.07692305719921609,0.45454504132268975,-0.16117207737931782,2,1,0,Core Commercial & Morning Inflow Hub,🏢 Midtown / Lower Manhattan Office & Transit Hubs,High morning dropoff volume and strong positive AM net flow. Sinks workers in morning and disperses passengers in evening rush.
64,Queens,Douglaston,Boro Zone,3.0,43.0,46.0,27.900000000000002,6.733333333333334,0.0,0.3333333333333333,0.0,3.0,0.0,0.9999966666777778,3.0,7.0,0.9999966666777778,0.3999996000004,0.0,15.0,0.0,0.9999993333337778,0.0,17.0,0.0,0.9999994117650519,0.0,1.0,0.0,0.9999900000999989,-2.6666560000165873e-06,2,1,0,Core Commercial & Morning Inflow Hub,🏢 Midtown / Lower Manhattan Office & Transit Hubs,High morning dropoff volume and strong positive AM net flow. Sinks workers in morning and disperses passengers in evening rush.
65,Brooklyn,Downtown Brooklyn/MetroTech,Boro Zone,173.0,485.0,658.0,26.127456647398844,5.332774566473988,0.03468208092485549,0.5144508670520231,22.0,71.0,0.12716762270707382,0.5268816637761652,77.0,134.0,0.4450866794747584,0.27014216729184043,41.0,117.0,0.23699420595409212,0.4810126277840109,31.0,133.0,0.1791907410872404,0.6219511815883426,2.0,30.0,0.011560692973370349,0.8749997265625854,0.045869035992154306,2,1,0,Core Commercial & Morning Inflow Hub,🏢 Midtown / Lower Manhattan Office & Transit Hubs,High morning dropoff volume and strong positive AM net flow. Sinks workers in morning and disperses passengers in evening rush.
66,Brooklyn,DUMBO/Vinegar Hill,Boro Zone,130.0,448.0,578.0,25.576076923076922,4.524692307692308,0.03076923076923077,0.6307692307692307,10.0,31.0,0.07692307100591761,0.5121949970256104,44.0,152.0,0.3384615124260375,0.5510203800499806,43.0,113.0,0.33076920532544574,0.44871791995397947,33.0,139.0,0.2538461343195281,0.6162790339372655,0.0,13.0,0.0,0.9999992307698226,0.06347707707163097,2,1,0,Core Commercial & Morning Inflow Hub,🏢 Midtown / Lower Manhattan Office & Transit Hubs,High morning dropoff volume and strong positive AM net flow. Sinks workers in morning and disperses passengers in evening rush.
67,Brooklyn,Dyker Heights,Boro Zone,13.0,52.0,65.0,29.99230769230769,6.66,0.0,0.5384615384615384,7.0,5.0,0.5384611242606736,-0.16666652777789354,5.0,19.0,0.38461508875762407,0.583333090277879,0.0,12.0,0.0,0.9999991666673611,1.0,13.0,0.07692301775152481,0.8571422448983965,0.0,3.0,0.0,0.9999966666777778,-1.1666656944452547,1,4,3,Residential Morning Outflow / Commuter Origins,🏡 Residential Neighborhoods & Commuter Communities,Strong negative net flow during morning rush (passengers leave for work) and positive inflow in evening return hours.
68,Manhattan,East Chelsea,Yellow Zone,8149.0,7743.0,15892.0,16.998988832985642,2.4196294023806604,0.01288501656644987,0.06430236838875936,742.0,1085.0,0.09105411695784255,0.1877394625739493,2816.0,2622.0,0.3455638724437798,-0.03567488040515837,2313.0,1980.0,0.2838385074440563,-0.07756813399122262,2074.0,1811.0,0.25450975548593724,-0.06769626752201732,204.0,245.0,0.025033746441239728,0.09131402914668087,0.2653075965651719,0,0,1,Evening Dining & Nightlife Corridor,"🍸 Nightlife, Entertainment & Cultural Districts",High evening and late-night trip concentration. Massive outflow during late hours with high intra-borough social mobility.
69,Bronx,East Concourse/Concourse Village,Boro Zone,100.0,132.0,232.0,31.195,7.340800000000001,0.0,0.84,42.0,25.0,0.41999995800000417,-0.25373130541323796,42.0,43.0,0.41999995800000417,0.011764704498270058,9.0,42.0,0.0899999910000009,0.6470586966551575,4.0,19.0,0.0399999960000004,0.6521736294897263,3.0,3.0,0.0299999970000003,0.0,-0.9007900020683954,1,4,3,Residential Morning Outflow / Commuter Origins,🏡 Residential Neighborhoods & Commuter Communities,Strong negative net flow during morning rush (passengers leave for work) and positive inflow in evening return hours.
70,Queens,East Elmhurst,Boro Zone,989.0,145.0,1134.0,44.94979777553084,9.532780586450961,0.025278058645096056,0.8705763397371082,99.0,17.0,0.10010111122243569,-0.7068964907847852,354.0,43.0,0.35793730679537605,-0.7833752951290858,225.0,35.0,0.22750252550553565,-0.730769202662723,307.0,43.0,0.3104145570231086,-0.7542856927346946,4.0,7.0,0.004044489342320634,0.2727270247936138,0.023872711877937824,0,0,1,Evening Dining & Nightlife Corridor,"🍸 Nightlife, Entertainment & Cultural Districts",High evening and late-night trip concentration. Massive outflow during late hours with high intra-borough social mobility.
71,Brooklyn,East Flatbush/Farragut,Boro Zone,94.0,116.0,210.0,30.559574468085106,7.005212765957447,0.0,0.40425531914893614,37.0,26.0,0.393616979402449,-0.17460314688838938,42.0,50.0,0.4468084631054826,0.08695651228733561,3.0,21.0,0.03191489022182019,0.7499996875001302,3.0,19.0,0.03191489022182019,0.7272723966943652,9.0,0.0,0.09574467066546057,-0.9999988888901234,-0.9246028343885196,1,4,3,Residential Morning Outflow / Commuter Origins,🏡 Residential Neighborhoods & Commuter Communities,Strong negative net flow during morning rush (passengers leave for work) and positive inflow in evening return hours.
72,Brooklyn,East Flatbush/Remsen Village,Boro Zone,106.0,154.0,260.0,30.43584905660377,6.852452830188679,0.009433962264150943,0.4716981132075472,34.0,25.0,0.32075468672125595,-0.15254234702672084,49.0,68.0,0.46226410733357476,0.1623931485134061,8.0,28.0,0.0754716909932367,0.5555554012346107,6.0,27.0,0.05660376824492752,0.6363634435262292,9.0,6.0,0.08490565236739128,-0.19999986666675557,-0.7080977482613315,1,1,3,Residential Morning Outflow / Commuter Origins,🏡 Residential Neighborhoods & Commuter Communities,Strong negative net flow during morning rush (passengers leave for work) and positive inflow in evening return hours.
73,Queens,East Flushing,Boro Zone,11.0,22.0,33.0,37.845454545454544,10.052727272727273,0.0,0.8181818181818182,2.0,2.0,0.1818180165290759,0.0,4.0,9.0,0.3636360330581518,0.38461508875762407,1.0,6.0,0.09090900826453795,0.7142846938790088,2.0,5.0,0.1818180165290759,0.4285708163274053,2.0,0.0,0.1818180165290759,-0.9999950000249999,-0.7142846938790088,1,1,3,Residential Morning Outflow / Commuter Origins,🏡 Residential Neighborhoods & Commuter Communities,Strong negative net flow during morning rush (passengers leave for work) and positive inflow in evening return hours.
74,Manhattan,East Harlem North,Boro Zone,709.0,1764.0,2473.0,18.84358251057828,3.345994358251058,0.018335684062059238,0.17348377997179126,138.0,298.0,0.19464033575965678,0.36697246864742045,288.0,593.0,0.40620591810710976,0.34619749890808743,150.0,455.0,0.211565582347453,0.5041322230721946,106.0,372.0,0.1495063448588668,0.5564853440065828,27.0,46.0,0.03808180482254154,0.26027393694877576,-0.13715975442477418,2,0,0,Core Commercial & Morning Inflow Hub,🏢 Midtown / Lower Manhattan Office & Transit Hubs,High morning dropoff volume and strong positive AM net flow. Sinks workers in morning and disperses passengers in evening rush.
75,Manhattan,East Harlem South,Boro Zone,1733.0,3383.0,5116.0,16.704345066358915,2.8921581073283322,0.019042123485285632,0.10502019619157531,290.0,703.0,0.16733987208690207,0.41591137546917045,806.0,1195.0,0.46508943759325194,0.19440279762917143,439.0,674.0,0.253317944297069,0.21114105830061944,162.0,683.0,0.09347951475199356,0.6165680400406149,36.0,128.0,0.020773225500443016,0.5609755755502698,0.204770317168551,0,0,1,Evening Dining & Nightlife Corridor,"🍸 Nightlife, Entertainment & Cultural Districts",High evening and late-night trip concentration. Massive outflow during late hours with high intra-borough social mobility.
76,Brooklyn,East New York,Boro Zone,240.0,302.0,542.0,32.36475,7.182416666666667,0.0,0.4625,70.0,46.0,0.2916666545138894,-0.20689653388822984,130.0,136.0,0.5416666440972232,0.02255639012945902,19.0,63.0,0.0791666633680557,0.5365853004164267,6.0,47.0,0.024999998958333377,0.7735847597009887,15.0,10.0,0.062499997395833444,-0.199999920000032,-0.7434818343046565,1,1,3,Residential Morning Outflow / Commuter Origins,🏡 Residential Neighborhoods & Commuter Communities,Strong negative net flow during morning rush (passengers leave for work) and positive inflow in evening return hours.
77,Brooklyn,East New York/Pennsylvania Avenue,Boro Zone,59.0,84.0,143.0,35.925423728813556,8.507118644067797,0.0,0.576271186440678,29.0,18.0,0.4915253404194338,-0.23404250339521201,22.0,31.0,0.3728812927319843,0.16981128871485118,2.0,25.0,0.0338982993392713,0.8518515363512829,1.0,8.0,0.01694914966963565,0.7777769135812072,5.0,2.0,0.08474574834817825,-0.4285708163274053,-1.085894039746495,1,4,3,Residential Morning Outflow / Commuter Origins,🏡 Residential Neighborhoods & Commuter Communities,Strong negative net flow during morning rush (passengers leave for work) and positive inflow in evening return hours.
78,Bronx,East Tremont,Boro Zone,47.0,59.0,106.0,32.295744680851065,7.9040425531914895,0.0,0.7872340425531915,23.0,5.0,0.4893615980081706,-0.6428569132653881,14.0,28.0,0.29787227704845165,0.33333325396827285,4.0,14.0,0.08510636487098619,0.5555552469137517,4.0,8.0,0.08510636487098619,0.33333305555578707,2.0,4.0,0.042553182435493095,0.33333277777870374,-1.1984121601791398,1,4,3,Residential Morning Outflow / Commuter Origins,🏡 Residential Neighborhoods & Commuter Communities,Strong negative net flow during morning rush (passengers leave for work) and positive inflow in evening return hours.
79,Manhattan,East Village,Yellow Zone,6091.0,5550.0,11641.0,14.989180758496143,2.337164669184042,0.009029715974388442,0.07781973403382039,404.0,237.0,0.06632736813934105,-0.2605304171524116,1161.0,1128.0,0.19060909507370039,-0.014416775821682935,1018.0,1623.0,0.16713183357883463,0.22907989311215488,2815.0,2238.0,0.4621572804758541,-0.11418959011638712,693.0,324.0,0.11377442109050334,-0.36283185483941144,-0.4896103102645665,0,0,1,Evening Dining & Nightlife Corridor,"🍸 Nightlife, Entertainment & Cultural Districts",High evening and late-night trip concentration. Massive outflow during late hours with high intra-borough social mobility.
80,Brooklyn,East Williamsburg,Boro Zone,68.0,392.0,460.0,28.496323529411764,4.942941176470589,0.04411764705882353,0.5588235294117647,6.0,35.0,0.08823528114187042,0.7073169006544144,23.0,61.0,0.33823524437716995,0.4523808985260835,10.0,98.0,0.14705880190311735,0.8148147393690056,21.0,170.0,0.30882348399654647,0.7801046711987083,8.0,28.0,0.11764704152249389,0.5555554012346107,-0.10749783871459118,2,1,0,Core Commercial & Morning Inflow Hub,🏢 Midtown / Lower Manhattan Office & Transit Hubs,High morning dropoff volume and strong positive AM net flow. Sinks workers in morning and disperses passengers in evening rush.
81,Bronx,Eastchester,Boro Zone,30.0,40.0,70.0,44.43333333333333,12.473333333333333,0.0,0.9666666666666667,13.0,4.0,0.433333188888937,-0.5294114532873805,9.0,14.0,0.29999990000003335,0.21739120982990878,5.0,14.0,0.16666661111112963,0.4736839612189678,3.0,7.0,0.09999996666667778,0.3999996000004,0.0,1.0,0.0,0.9999900000999989,-1.0030954145063482,1,4,3,Residential Morning Outflow / Commuter Origins,🏡 Residential Neighborhoods & Commuter Communities,Strong negative net flow during morning rush (passengers leave for work) and positive inflow in evening return hours.
82,Queens,Elmhurst,Boro Zone,66.0,253.0,319.0,33.18212121212121,6.12939393939394,0.030303030303030304,0.6363636363636364,14.0,35.0,0.21212117998163937,0.4285713411078895,30.0,50.0,0.4545453856749415,0.2499999687500039,11.0,33.0,0.16666664141414522,0.49999988636366216,7.0,107.0,0.10606058999081969,0.8771929055093942,4.0,28.0,0.06060605142332554,0.7499997656250732,-0.07142854525577264,2,1,0,Core Commercial & Morning Inflow Hub,🏢 Midtown / Lower Manhattan Office & Transit Hubs,High morning dropoff volume and strong positive AM net flow. Sinks workers in morning and disperses passengers in evening rush.
83,Queens,Elmhurst/Maspeth,Boro Zone,26.0,56.0,82.0,43.20884615384615,4.5284615384615385,0.34615384615384615,0.46153846153846156,1.0,6.0,0.03846152366864474,0.7142846938790088,14.0,13.0,0.5384613313610264,-0.03703702331962099,7.0,10.0,0.2692306656805132,0.1764704844291268,2.0,21.0,0.07692304733728948,0.8260865973536533,2.0,6.0,0.07692304733728948,0.4999993750007813,0.537814209449882,2,1,0,Core Commercial & Morning Inflow Hub,🏢 Midtown / Lower Manhattan Office & Transit Hubs,High morning dropoff volume and strong positive AM net flow. Sinks workers in morning and disperses passengers in evening rush.
84,Staten Island,Eltingville/Annadale/Prince's Bay,Boro Zone,0.0,1.0,1.0,,,,,0.0,0.0,0.0,0.0,0.0,1.0,0.0,0.9999900000999989,0.0,0.0,0.0,0.0,0.0,0.0,0.0,0.0,0.0,0.0,0.0,0.0,0.0,3,2,4,Outer-Borough & Low-Density Periphery,🌳 Outer Boroughs & Peripheral Transit Connectors,"Lower trip density, balanced off-peak demand, high cross-borough connection requirement to central urban cores."
85,Brooklyn,Erasmus,Boro Zone,39.0,87.0,126.0,30.2,7.357179487179487,0.0,0.5641025641025641,12.0,24.0,0.30769222879686436,0.3333332407407664,18.0,31.0,0.4615383431952966,0.265306068304884,7.0,11.0,0.17948713346483755,0.2222220987655007,2.0,19.0,0.05128203813281073,0.8095234240364647,0.0,2.0,0.0,0.9999950000249999,0.11111114197526573,2,1,0,Core Commercial & Morning Inflow Hub,🏢 Midtown / Lower Manhattan Office & Transit Hubs,High morning dropoff volume and strong positive AM net flow. Sinks workers in morning and disperses passengers in evening rush.
86,Queens,Far Rockaway,Boro Zone,62.0,85.0,147.0,52.983870967741936,16.225806451612904,0.016129032258064516,0.9032258064516129,22.0,15.0,0.3548386524453786,-0.1891891380569897,28.0,25.0,0.4516128303850273,-0.056603762904950394,4.0,17.0,0.06451611862643247,0.619047324263179,2.0,23.0,0.032258059313216236,0.8399996640001344,6.0,5.0,0.09677417793964871,-0.09090900826453795,-0.8082364623201687,1,4,3,Residential Morning Outflow / Commuter Origins,🏡 Residential Neighborhoods & Commuter Communities,Strong negative net flow during morning rush (passengers leave for work) and positive inflow in evening return hours.
87,Manhattan,Financial District North,Yellow Zone,1538.0,2401.0,3939.0,23.262288686605984,4.471547464239272,0.04031209362808843,0.16319895968790638,119.0,229.0,0.07737321146051228,0.3160919449398867,426.0,608.0,0.27698309312754815,0.17601547218553704,456.0,582.0,0.29648894475624876,0.1213872820675599,498.0,855.0,0.32379713703642954,0.26385809117621517,39.0,127.0,0.02535760711731075,0.530120449992744,0.1947046628723268,0,0,1,Evening Dining & Nightlife Corridor,"🍸 Nightlife, Entertainment & Cultural Districts",High evening and late-night trip concentration. Massive outflow during late hours with high intra-borough social mobility.
88,Manhattan,Financial District South,Yellow Zone,868.0,1204.0,2072.0,24.60707373271889,4.698928571428572,0.021889400921658985,0.15092165898617513,60.0,265.0,0.06912442316676932,0.6307692113609474,292.0,438.0,0.33640552607827734,0.199999997260274,271.0,238.0,0.31221197796990807,-0.06483300462017673,232.0,223.0,0.26728110291150803,-0.019780219345489687,13.0,40.0,0.014976958352800019,0.5094338661445535,0.6956022159811242,0,0,1,Evening Dining & Nightlife Corridor,"🍸 Nightlife, Entertainment & Cultural Districts",High evening and late-night trip concentration. Massive outflow during late hours with high intra-borough social mobility.
89,Brooklyn,Flatbush/Ditmas Park,Boro Zone,158.0,381.0,539.0,32.05379746835443,7.213164556962026,0.0,0.4810126582278481,57.0,38.0,0.3607594708380082,-0.19999997894737062,63.0,133.0,0.39873415197885115,0.35714283892128373,21.0,73.0,0.13291138399295038,0.55319143051155,11.0,117.0,0.0696202487582121,0.8281249353027395,6.0,20.0,0.037974681140842965,0.5384613313610264,-0.7531914094589206,1,4,3,Residential Morning Outflow / Commuter Origins,🏡 Residential Neighborhoods & Commuter Communities,Strong negative net flow during morning rush (passengers leave for work) and positive inflow in evening return hours.
90,Manhattan,Flatiron,Yellow Zone,4501.0,4406.0,8907.0,14.533370362141746,2.071064207953788,0.01866251944012442,0.05532103976894023,505.0,350.0,0.11219728924195227,-0.18128654758729185,1425.0,1277.0,0.31659631122729104,-0.05477424110002131,1183.0,1255.0,0.2628304815311476,0.029532403488382264,1195.0,1363.0,0.2654965557309563,0.06567630936013952,193.0,161.0,0.04287936004692433,-0.09039547767244414,-0.2108189510756741,0,0,1,Evening Dining & Nightlife Corridor,"🍸 Nightlife, Entertainment & Cultural Districts",High evening and late-night trip concentration. Massive outflow during late hours with high intra-borough social mobility.
91,Brooklyn,Flatlands,Boro Zone,112.0,152.0,264.0,32.855357142857144,8.049821428571429,0.008928571428571428,0.4375,44.0,31.0,0.3928571077806154,-0.17333331022222528,46.0,62.0,0.4107142490433706,0.1481481344307283,7.0,29.0,0.06249999441964335,0.6111109413580718,3.0,26.0,0.026785711894132865,0.7931031747920088,12.0,4.0,0.10714284757653146,-0.4999996875001953,-0.7844442515802971,1,4,3,Residential Morning Outflow / Commuter Origins,🏡 Residential Neighborhoods & Commuter Communities,Strong negative net flow during morning rush (passengers leave for work) and positive inflow in evening return hours.
92,Queens,Flushing,Boro Zone,31.0,190.0,221.0,38.66451612903226,8.852903225806452,0.03225806451612903,0.6129032258064516,8.0,21.0,0.258064432882441,0.4482757074911354,8.0,61.0,0.258064432882441,0.7681158307078506,6.0,44.0,0.19354832466183075,0.7599998480000304,6.0,60.0,0.19354832466183075,0.8181816942148947,3.0,4.0,0.09677416233091538,0.14285693877580175,-0.311724140508895,2,1,0,Core Commercial & Morning Inflow Hub,🏢 Midtown / Lower Manhattan Office & Transit Hubs,High morning dropoff volume and strong positive AM net flow. Sinks workers in morning and disperses passengers in evening rush.
93,Queens,Flushing Meadows-Corona Park,Boro Zone,156.0,325.0,481.0,53.2698717948718,9.644294871794871,0.08333333333333333,0.7243589743589743,9.0,67.0,0.05769230399408307,0.7631577943213428,13.0,54.0,0.08333332799145333,0.6119402071731034,38.0,40.0,0.24358972797501743,0.02564102235371508,89.0,129.0,0.5705127839414882,0.18348623011531054,7.0,35.0,0.044871791995397946,0.6666665079365457,0.7375167719676277,2,0,0,Core Commercial & Morning Inflow Hub,🏢 Midtown / Lower Manhattan Office & Transit Hubs,High morning dropoff volume and strong positive AM net flow. Sinks workers in morning and disperses passengers in evening rush.
94,Bronx,Fordham South,Boro Zone,20.0,28.0,48.0,34.45,7.82,0.0,0.9,9.0,4.0,0.4499997750001125,-0.38461508875762407,8.0,9.0,0.3999998000001,0.058823494809708936,1.0,6.0,0.0499999750000125,0.7142846938790088,0.0,8.0,0.0,0.9999987500015626,2.0,1.0,0.099999950000025,-0.3333322222259259,-1.098899782636633,1,4,3,Residential Morning Outflow / Commuter Origins,🏡 Residential Neighborhoods & Commuter Communities,Strong negative net flow during morning rush (passengers leave for work) and positive inflow in evening return hours.
95,Queens,Forest Hills,Boro Zone,62.0,363.0,425.0,36.648387096774194,8.613870967741935,0.08064516129032258,0.7096774193548387,17.0,38.0,0.274193504162338,0.3818181123967068,30.0,85.0,0.48387088969824354,0.4782608279773193,6.0,95.0,0.09677417793964871,0.8811880315655414,8.0,129.0,0.12903223725286495,0.8832116143641158,1.0,16.0,0.016129029656608118,0.882352422145634,-0.49936991916883455,2,1,0,Core Commercial & Morning Inflow Hub,🏢 Midtown / Lower Manhattan Office & Transit Hubs,High morning dropoff volume and strong positive AM net flow. Sinks workers in morning and disperses passengers in evening rush.
96,Queens,Forest Park/Highland Park,Boro Zone,2.0,12.0,14.0,20.9,2.885,0.0,0.0,0.0,1.0,0.0,0.9999900000999989,1.0,3.0,0.49999750001249993,0.49999875000312505,0.0,1.0,0.0,0.9999900000999989,1.0,7.0,0.49999750001249993,0.7499990625011719,0.0,0.0,0.0,0.0,0.0,2,1,0,Core Commercial & Morning Inflow Hub,🏢 Midtown / Lower Manhattan Office & Transit Hubs,High morning dropoff volume and strong positive AM net flow. Sinks workers in morning and disperses passengers in evening rush.
97,Brooklyn,Fort Greene,Boro Zone,174.0,467.0,641.0,24.28218390804598,4.808045977011495,0.017241379310344827,0.3850574712643678,26.0,58.0,0.14942527876866213,0.3809523356009124,57.0,118.0,0.3275861880697593,0.34857140865306235,45.0,111.0,0.25862067479191525,0.42307689595660924,40.0,167.0,0.2298850442594802,0.6135265404093458,6.0,13.0,0.03448275663892203,0.36842085872586383,-0.04212456035569684,2,1,0,Core Commercial & Morning Inflow Hub,🏢 Midtown / Lower Manhattan Office & Transit Hubs,High morning dropoff volume and strong positive AM net flow. Sinks workers in morning and disperses passengers in evening rush.
98,Queens,Fresh Meadows,Boro Zone,6.0,45.0,51.0,42.666666666666664,8.683333333333334,0.0,0.8333333333333334,2.0,3.0,0.33333277777870374,0.19999960000080003,3.0,17.0,0.4999991666680556,0.699999650000175,1.0,12.0,0.16666638888935187,0.8461531952667729,0.0,11.0,0.0,0.9999990909099173,0.0,2.0,0.0,0.9999950000249999,-0.6461535952659729,1,1,3,Residential Morning Outflow / Commuter Origins,🏡 Residential Neighborhoods & Commuter Communities,Strong negative net flow during morning rush (passengers leave for work) and positive inflow in evening return hours.
99,Staten Island,Freshkills Park,Boro Zone,0.0,0.0,0.0,,,,,0.0,0.0,0.0,0.0,0.0,0.0,0.0,0.0,0.0,0.0,0.0,0.0,0.0,0.0,0.0,0.0,0.0,0.0,0.0,0.0,0.0,3,2,4,Outer-Borough & Low-Density Periphery,🌳 Outer Boroughs & Peripheral Transit Connectors,"Lower trip density, balanced off-peak demand, high cross-borough connection requirement to central urban cores."
100,Manhattan,Garment District,Yellow Zone,4405.0,3760.0,8165.0,16.558011350737797,2.3315686719636775,0.027695800227014757,0.07377979568671963,726.0,581.0,0.16481271245218454,-0.11094108560871396,1252.0,1408.0,0.284222473815613,0.05864661632087738,1179.0,1006.0,0.26765039666821705,-0.07917620101063523,1038.0,678.0,0.23564131615064401,-0.20979020856765612,210.0,87.0,0.04767309864319388,-0.4141414001972593,-0.03176488459807873,0,0,1,Evening Dining & Nightlife Corridor,"🍸 Nightlife, Entertainment & Cultural Districts",High evening and late-night trip concentration. Massive outflow during late hours with high intra-borough social mobility.
101,Queens,Glen Oaks,Boro Zone,9.0,33.0,42.0,48.62222222222223,12.038888888888888,0.0,0.5555555555555556,3.0,1.0,0.3333329629633745,-0.49999875000312505,3.0,15.0,0.3333329629633745,0.6666662962965021,2.0,9.0,0.22222197530891633,0.6363630578517656,1.0,8.0,0.11111098765445816,0.7777769135812072,0.0,0.0,0.0,0.0,-1.1363618078548907,1,4,3,Residential Morning Outflow / Commuter Origins,🏡 Residential Neighborhoods & Commuter Communities,Strong negative net flow during morning rush (passengers leave for work) and positive inflow in evening return hours.
102,Queens,Glendale,Boro Zone,12.0,79.0,91.0,34.031666666666666,7.570833333333333,0.0,0.8333333333333334,3.0,14.0,0.24999979166684028,0.6470584429067983,8.0,31.0,0.6666661111115741,0.5897434385273234,1.0,19.0,0.08333326388894677,0.899999550000225,0.0,14.0,0.0,0.9999992857147959,0.0,1.0,0.0,0.9999900000999989,-0.25294110709342676,2,1,0,Core Commercial & Morning Inflow Hub,🏢 Midtown / Lower Manhattan Office & Transit Hubs,High morning dropoff volume and strong positive AM net flow. Sinks workers in morning and disperses passengers in evening rush.
103,Manhattan,Governor's Island/Ellis Island/Liberty Island,Yellow Zone,0.0,0.0,0.0,,,,,0.0,0.0,0.0,0.0,0.0,0.0,0.0,0.0,0.0,0.0,0.0,0.0,0.0,0.0,0.0,0.0,0.0,0.0,0.0,0.0,0.0,3,2,4,Outer-Borough & Low-Density Periphery,🌳 Outer Boroughs & Peripheral Transit Connectors,"Lower trip density, balanced off-peak demand, high cross-borough connection requirement to central urban cores."
104,Manhattan,Governor's Island/Ellis Island/Liberty Island,Yellow Zone,0.0,0.0,0.0,,,,,0.0,0.0,0.0,0.0,0.0,0.0,0.0,0.0,0.0,0.0,0.0,0.0,0.0,0.0,0.0,0.0,0.0,0.0,0.0,0.0,0.0,3,2,4,Outer-Borough & Low-Density Periphery,🌳 Outer Boroughs & Peripheral Transit Connectors,"Lower trip density, balanced off-peak demand, high cross-borough connection requirement to central urban cores."
105,Manhattan,Governor's Island/Ellis Island/Liberty Island,Yellow Zone,0.0,0.0,0.0,,,,,0.0,0.0,0.0,0.0,0.0,0.0,0.0,0.0,0.0,0.0,0.0,0.0,0.0,0.0,0.0,0.0,0.0,0.0,0.0,0.0,0.0,3,2,4,Outer-Borough & Low-Density Periphery,🌳 Outer Boroughs & Peripheral Transit Connectors,"Lower trip density, balanced off-peak demand, high cross-borough connection requirement to central urban cores."
106,Brooklyn,Gowanus,Boro Zone,17.0,114.0,131.0,27.447058823529414,5.893529411764706,0.058823529411764705,0.29411764705882354,3.0,14.0,0.1764704844291268,0.6470584429067983,8.0,29.0,0.4705879584776715,0.5675674141709691,3.0,24.0,0.1764704844291268,0.7777774897120409,2.0,39.0,0.11764698961941787,0.9024388042832184,1.0,8.0,0.058823494809708936,0.7777769135812072,-0.1307190468052426,2,1,0,Core Commercial & Morning Inflow Hub,🏢 Midtown / Lower Manhattan Office & Transit Hubs,High morning dropoff volume and strong positive AM net flow. Sinks workers in morning and disperses passengers in evening rush.
107,Manhattan,Gramercy,Yellow Zone,5656.0,5657.0,11313.0,14.745562234794907,2.1561916548797737,0.017326732673267328,0.06453323903818953,762.0,545.0,0.1347241864661878,-0.1660290729454547,1703.0,1515.0,0.30109618051432785,-0.05842137955742268,1360.0,1643.0,0.24045261626511208,0.09423909392527774,1633.0,1748.0,0.28871994291244707,0.03401360534157467,198.0,206.0,0.03500707207389132,0.01980197970787179,-0.2602681668707324,0,0,1,Evening Dining & Nightlife Corridor,"🍸 Nightlife, Entertainment & Cultural Districts",High evening and late-night trip concentration. Massive outflow during late hours with high intra-borough social mobility.
108,Brooklyn,Gravesend,Boro Zone,34.0,42.0,76.0,42.470588235294116,10.226470588235294,0.0,0.5882352941176471,14.0,5.0,0.41176458477512207,-0.4736839612189678,17.0,22.0,0.4999998529412197,0.1282050953320268,2.0,8.0,0.058823512110731724,0.5999994000006,0.0,6.0,0.0,0.9999983333361112,1.0,1.0,0.029411756055365862,0.0,-1.0736833612195678,1,4,3,Residential Morning Outflow / Commuter Origins,🏡 Residential Neighborhoods & Commuter Communities,Strong negative net flow during morning rush (passengers leave for work) and positive inflow in evening return hours.
109,Staten Island,Great Kills,Boro Zone,1.0,3.0,4.0,13.5,2.38,0.0,0.0,0.0,0.0,0.0,0.0,0.0,1.0,0.0,0.9999900000999989,0.0,1.0,0.0,0.9999900000999989,0.0,0.0,0.0,0.0,1.0,1.0,0.9999900000999989,0.0,-0.9999900000999989,3,2,4,Outer-Borough & Low-Density Periphery,🌳 Outer Boroughs & Peripheral Transit Connectors,"Lower trip density, balanced off-peak demand, high cross-borough connection requirement to central urban cores."
110,Staten Island,Great Kills Park,Boro Zone,0.0,0.0,0.0,,,,,0.0,0.0,0.0,0.0,0.0,0.0,0.0,0.0,0.0,0.0,0.0,0.0,0.0,0.0,0.0,0.0,0.0,0.0,0.0,0.0,0.0,3,2,4,Outer-Borough & Low-Density Periphery,🌳 Outer Boroughs & Peripheral Transit Connectors,"Lower trip density, balanced off-peak demand, high cross-borough connection requirement to central urban cores."
111,Brooklyn,Green-Wood Cemetery,Boro Zone,0.0,3.0,3.0,,,,,0.0,0.0,0.0,0.0,0.0,0.0,0.0,0.0,0.0,1.0,0.0,0.9999900000999989,0.0,2.0,0.0,0.9999950000249999,0.0,0.0,0.0,0.0,-0.9999900000999989,3,2,4,Outer-Borough & Low-Density Periphery,🌳 Outer Boroughs & Peripheral Transit Connectors,"Lower trip density, balanced off-peak demand, high cross-borough connection requirement to central urban cores."
112,Brooklyn,Greenpoint,Boro Zone,67.0,687.0,754.0,22.608955223880596,4.255970149253731,0.029850746268656716,0.5522388059701493,9.0,37.0,0.13432833815994952,0.6086955198488,8.0,143.0,0.11940296725328846,0.8940396758914122,17.0,182.0,0.25373130541323796,0.8291456869776036,26.0,301.0,0.3880596435731875,0.8409785675541723,7.0,24.0,0.1044775963466274,0.5483869198751872,-0.2204501671288036,2,1,0,Core Commercial & Morning Inflow Hub,🏢 Midtown / Lower Manhattan Office & Transit Hubs,High morning dropoff volume and strong positive AM net flow. Sinks workers in morning and disperses passengers in evening rush.
113,Manhattan,Greenwich Village North,Yellow Zone,4179.0,3812.0,7991.0,14.642012443168221,2.038741325675999,0.00957166786312515,0.050969131371141424,393.0,295.0,0.09404163653017077,-0.14244185839474044,1289.0,1196.0,0.3084469961511199,-0.03742454713310041,1078.0,1167.0,0.2579564482939544,0.03964365238466079,1272.0,1065.0,0.304379037319026,-0.08857509589826659,147.0,89.0,0.03517587931281197,-0.24576270145073298,-0.18208551077940122,0,0,1,Evening Dining & Nightlife Corridor,"🍸 Nightlife, Entertainment & Cultural Districts",High evening and late-night trip concentration. Massive outflow during late hours with high intra-borough social mobility.
114,Manhattan,Greenwich Village South,Yellow Zone,3861.0,2836.0,6697.0,15.337451437451438,2.2815695415695414,0.005698005698005698,0.07096607096607097,125.0,186.0,0.03237503229118096,0.1961414727928787,686.0,814.0,0.17767417721400108,0.08533333276444445,813.0,887.0,0.21056721002184095,0.04352941150865052,1886.0,841.0,0.4884744872093383,-0.3832049857601577,351.0,108.0,0.09090909067363613,-0.5294117531718573,0.15261206128422816,0,0,1,Evening Dining & Nightlife Corridor,"🍸 Nightlife, Entertainment & Cultural Districts",High evening and late-night trip concentration. Massive outflow during late hours with high intra-borough social mobility.
115,Staten Island,Grymes Hill/Clifton,Boro Zone,0.0,4.0,4.0,,,,,0.0,0.0,0.0,0.0,0.0,1.0,0.0,0.9999900000999989,0.0,1.0,0.0,0.9999900000999989,0.0,2.0,0.0,0.9999950000249999,0.0,0.0,0.0,0.0,-0.9999900000999989,3,2,4,Outer-Borough & Low-Density Periphery,🌳 Outer Boroughs & Peripheral Transit Connectors,"Lower trip density, balanced off-peak demand, high cross-borough connection requirement to central urban cores."
116,Manhattan,Hamilton Heights,Boro Zone,228.0,577.0,805.0,21.26640350877193,3.8615789473684208,0.008771929824561403,0.17543859649122806,60.0,45.0,0.2631578831948297,-0.14285712925170196,90.0,162.0,0.39473682479224453,0.28571427437641767,42.0,131.0,0.18421051823638077,0.5144508373149805,31.0,201.0,0.13596490631732866,0.7327585891052332,5.0,38.0,0.02192982359956914,0.7674416819903065,-0.6573079665666826,2,0,0,Core Commercial & Morning Inflow Hub,🏢 Midtown / Lower Manhattan Office & Transit Hubs,High morning dropoff volume and strong positive AM net flow. Sinks workers in morning and disperses passengers in evening rush.
117,Queens,Hammels/Arverne,Boro Zone,67.0,68.0,135.0,54.201492537313435,16.08955223880597,0.0,0.9552238805970149,31.0,11.0,0.4626864981064928,-0.47619036281181837,21.0,29.0,0.3134327890398822,0.15999996800000638,3.0,9.0,0.04477611271998318,0.49999958333368055,6.0,13.0,0.08955222543996635,0.36842085872586383,6.0,6.0,0.08955222543996635,0.0,-0.9761899461454989,1,4,3,Residential Morning Outflow / Commuter Origins,🏡 Residential Neighborhoods & Commuter Communities,Strong negative net flow during morning rush (passengers leave for work) and positive inflow in evening return hours.
118,Staten Island,Heartland Village/Todt Hill,Boro Zone,0.0,8.0,8.0,,,,,0.0,1.0,0.0,0.9999900000999989,0.0,2.0,0.0,0.9999950000249999,0.0,2.0,0.0,0.9999950000249999,0.0,3.0,0.0,0.9999966666777778,0.0,0.0,0.0,0.0,-4.999925000914729e-06,3,2,4,Outer-Borough & Low-Density Periphery,🌳 Outer Boroughs & Peripheral Transit Connectors,"Lower trip density, balanced off-peak demand, high cross-borough connection requirement to central urban cores."
119,Bronx,Highbridge,Boro Zone,45.0,68.0,113.0,33.93777777777778,8.637111111111112,0.0,0.9333333333333333,16.0,5.0,0.3555554765432274,-0.523809274376536,14.0,31.0,0.31111104197532397,0.37777769382717913,5.0,19.0,0.11111108641975856,0.583333090277879,5.0,12.0,0.11111108641975856,0.41176446366796254,5.0,1.0,0.11111108641975856,-0.6666655555574075,-1.1071423646544152,1,4,3,Residential Morning Outflow / Commuter Origins,🏡 Residential Neighborhoods & Commuter Communities,Strong negative net flow during morning rush (passengers leave for work) and positive inflow in evening return hours.
120,Manhattan,Highbridge Park,Boro Zone,2.0,10.0,12.0,27.0,5.6,0.0,0.0,1.0,2.0,0.49999750001249993,0.3333322222259259,1.0,4.0,0.49999750001249993,0.5999988000024,0.0,1.0,0.0,0.9999900000999989,0.0,1.0,0.0,0.9999900000999989,0.0,2.0,0.0,0.9999950000249999,-0.666657777874073,1,4,3,Residential Morning Outflow / Commuter Origins,🏡 Residential Neighborhoods & Commuter Communities,Strong negative net flow during morning rush (passengers leave for work) and positive inflow in evening return hours.
121,Queens,Hillcrest/Pomonok,Boro Zone,19.0,79.0,98.0,33.8421052631579,10.556842105263158,0.0,0.6842105263157895,6.0,17.0,0.31578930747931183,0.4782606616257993,4.0,23.0,0.21052620498620792,0.7037034430727989,5.0,17.0,0.2631577562327599,0.5454542975207739,3.0,17.0,0.15789465373965592,0.699999650000175,1.0,5.0,0.05263155124655198,0.6666655555574075,-0.06719363589497462,2,1,0,Core Commercial & Morning Inflow Hub,🏢 Midtown / Lower Manhattan Office & Transit Hubs,High morning dropoff volume and strong positive AM net flow. Sinks workers in morning and disperses passengers in evening rush.
122,Queens,Hollis,Boro Zone,12.0,24.0,36.0,42.833333333333336,12.041666666666666,0.0,0.75,6.0,6.0,0.49999958333368055,0.0,4.0,5.0,0.33333305555578707,0.11111098765445816,1.0,8.0,0.08333326388894677,0.7777769135812072,0.0,3.0,0.0,0.9999966666777778,1.0,2.0,0.08333326388894677,0.3333322222259259,-0.7777769135812072,1,4,3,Residential Morning Outflow / Commuter Origins,🏡 Residential Neighborhoods & Commuter Communities,Strong negative net flow during morning rush (passengers leave for work) and positive inflow in evening return hours.
123,Brooklyn,Homecrest,Boro Zone,39.0,77.0,116.0,30.492307692307694,6.852564102564102,0.0,0.3076923076923077,5.0,16.0,0.1282050953320268,0.523809274376536,22.0,35.0,0.564102419460918,0.228070135426292,7.0,12.0,0.17948713346483755,0.2631577562327599,1.0,11.0,0.025641019066405365,0.8333326388894676,4.0,3.0,0.10256407626562146,-0.14285693877580175,0.26065151814377613,2,1,0,Core Commercial & Morning Inflow Hub,🏢 Midtown / Lower Manhattan Office & Transit Hubs,High morning dropoff volume and strong positive AM net flow. Sinks workers in morning and disperses passengers in evening rush.
124,Queens,Howard Beach,Boro Zone,21.0,96.0,117.0,35.18095238095238,7.656190476190476,0.047619047619047616,0.8095238095238095,13.0,12.0,0.619047324263179,-0.0399999840000064,4.0,36.0,0.19047609977328583,0.7999998000000499,3.0,34.0,0.14285707482996438,0.83783761139524,0.0,14.0,0.0,0.9999992857147959,1.0,0.0,0.04761902494332146,-0.9999900000999989,-0.8778375953952464,1,4,3,Residential Morning Outflow / Commuter Origins,🏡 Residential Neighborhoods & Commuter Communities,Strong negative net flow during morning rush (passengers leave for work) and positive inflow in evening return hours.
125,Manhattan,Hudson Sq,Yellow Zone,1454.0,1716.0,3170.0,17.155295735900964,2.7111760660247595,0.026822558459422285,0.08046767537826685,152.0,236.0,0.10453920148184868,0.21649483978106085,484.0,537.0,0.33287482577114974,0.051909891754065705,387.0,429.0,0.2661623090360226,0.051470587604527114,378.0,458.0,0.25997248789565003,0.0956937787596438,53.0,56.0,0.03645116893774987,0.027522933254776765,0.16502425217653374,0,0,1,Evening Dining & Nightlife Corridor,"🍸 Nightlife, Entertainment & Cultural Districts",High evening and late-night trip concentration. Massive outflow during late hours with high intra-borough social mobility.
126,Bronx,Hunts Point,Boro Zone,25.0,39.0,64.0,35.68,9.59,0.0,0.88,7.0,6.0,0.2799998880000448,-0.07692301775152481,12.0,15.0,0.4799998080000768,0.11111106995886298,2.0,6.0,0.0799999680000128,0.4999993750007813,1.0,8.0,0.0399999840000064,0.7777769135812072,3.0,4.0,0.1199999520000192,0.14285693877580175,-0.5769223927523061,1,1,3,Residential Morning Outflow / Commuter Origins,🏡 Residential Neighborhoods & Commuter Communities,Strong negative net flow during morning rush (passengers leave for work) and positive inflow in evening return hours.
127,Manhattan,Inwood,Boro Zone,36.0,180.0,216.0,31.133333333333333,7.6850000000000005,0.0,0.4722222222222222,8.0,17.0,0.2222221604938443,0.3599998560000576,15.0,49.0,0.41666655092595806,0.5312499169922005,8.0,39.0,0.2222221604938443,0.659574327750143,4.0,70.0,0.11111108024692215,0.8918917713659767,1.0,5.0,0.027777770061730538,0.6666655555574075,-0.2995744717500854,2,1,0,Core Commercial & Morning Inflow Hub,🏢 Midtown / Lower Manhattan Office & Transit Hubs,High morning dropoff volume and strong positive AM net flow. Sinks workers in morning and disperses passengers in evening rush.
128,Manhattan,Inwood Hill Park,Boro Zone,3.0,17.0,20.0,23.633333333333336,7.47,0.0,0.3333333333333333,0.0,3.0,0.0,0.9999966666777778,0.0,6.0,0.0,0.9999983333361112,0.0,3.0,0.0,0.9999966666777778,2.0,3.0,0.6666644444518518,0.19999960000080003,1.0,2.0,0.3333322222259259,0.3333322222259259,0.0,2,1,0,Core Commercial & Morning Inflow Hub,🏢 Midtown / Lower Manhattan Office & Transit Hubs,High morning dropoff volume and strong positive AM net flow. Sinks workers in morning and disperses passengers in evening rush.
129,Queens,Jackson Heights,Boro Zone,92.0,312.0,404.0,43.40978260869565,4.967826086956522,0.30434782608695654,0.43478260869565216,23.0,31.0,0.2499999728260899,0.14814812071331096,42.0,79.0,0.456521689508512,0.3057850986954464,11.0,55.0,0.11956520439508647,0.6666665656565809,5.0,123.0,0.05434782017958476,0.9218749279785212,11.0,24.0,0.11956520439508647,0.37142846530615276,-0.5185184449432699,2,1,0,Core Commercial & Morning Inflow Hub,🏢 Midtown / Lower Manhattan Office & Transit Hubs,High morning dropoff volume and strong positive AM net flow. Sinks workers in morning and disperses passengers in evening rush.
130,Queens,Jamaica,Boro Zone,94.0,230.0,324.0,42.005212765957445,9.617765957446808,0.0425531914893617,0.6702127659574468,15.0,46.0,0.15957445110910093,0.5081966380005511,34.0,64.0,0.3617020891806288,0.3061224177426104,25.0,44.0,0.26595741851516824,0.275362278933003,14.0,60.0,0.14893615436849422,0.6216215376187111,6.0,16.0,0.06382978044364038,0.4545452479339782,0.23283435906754812,2,1,0,Core Commercial & Morning Inflow Hub,🏢 Midtown / Lower Manhattan Office & Transit Hubs,High morning dropoff volume and strong positive AM net flow. Sinks workers in morning and disperses passengers in evening rush.
131,Queens,Jamaica Estates,Boro Zone,23.0,62.0,85.0,37.5,10.61,0.043478260869565216,0.6956521739130435,7.0,10.0,0.30434769376187226,0.1764704844291268,11.0,15.0,0.4782606616257993,0.15384609467457896,1.0,17.0,0.043478241965981754,0.8888883950620028,0.0,15.0,0.0,0.9999993333337778,4.0,5.0,0.17391296786392701,0.11111098765445816,-0.712417910632876,1,1,3,Residential Morning Outflow / Commuter Origins,🏡 Residential Neighborhoods & Commuter Communities,Strong negative net flow during morning rush (passengers leave for work) and positive inflow in evening return hours.
132,Queens,JFK Airport,Airports,16167.0,2643.0,18810.0,63.23920950083504,15.52878146842333,1.0,0.7600668027463351,1723.0,425.0,0.10657512209650824,-0.6042830511904885,4164.0,1243.0,0.25756169959945463,-0.5402256324390131,4429.0,593.0,0.2739531141993239,-0.7638391064041435,5379.0,182.0,0.33271478917998715,-0.9345441450556661,472.0,200.0,0.029195274306182177,-0.40476189873866225,0.159556055213655,4,3,2,Intermodal Airport & Long-Haul Transit,✈️ Regional Gateways & Airport Hubs (JFK/LGA/EWR),"Extremely high average trip distance and fare, high cross-borough transit, and steady all-day departure/arrival volume."
133,Brooklyn,Kensington,Boro Zone,24.0,68.0,92.0,30.4875,7.165833333333333,0.0,0.3333333333333333,7.0,5.0,0.2916665451389395,-0.16666652777789354,10.0,15.0,0.4166664930556279,0.199999920000032,5.0,14.0,0.20833324652781396,0.4736839612189678,0.0,32.0,0.0,0.9999996875000976,2.0,2.0,0.08333329861112558,0.0,-0.6403504889968613,1,1,3,Residential Morning Outflow / Commuter Origins,🏡 Residential Neighborhoods & Commuter Communities,Strong negative net flow during morning rush (passengers leave for work) and positive inflow in evening return hours.
134,Queens,Kew Gardens,Boro Zone,49.0,103.0,152.0,56.22081632653062,8.874285714285714,0.3673469387755102,0.46938775510204084,11.0,21.0,0.2244897501041326,0.3124999023437805,24.0,25.0,0.4897958184090166,0.020408159100375693,13.0,25.0,0.265306068304884,0.31578939058173927,1.0,26.0,0.020408159100375693,0.9259255829905249,0.0,6.0,0.0,0.9999983333361112,-0.003289488237958771,2,1,0,Core Commercial & Morning Inflow Hub,🏢 Midtown / Lower Manhattan Office & Transit Hubs,High morning dropoff volume and strong positive AM net flow. Sinks workers in morning and disperses passengers in evening rush.
135,Queens,Kew Gardens Hills,Boro Zone,26.0,73.0,99.0,39.16307692307692,9.826538461538462,0.038461538461538464,0.8076923076923077,7.0,7.0,0.2692306656805132,0.0,13.0,24.0,0.49999980769238167,0.2972972169466981,4.0,19.0,0.15384609467457896,0.6521736294897263,0.0,20.0,0.0,0.9999995000002501,2.0,3.0,0.07692304733728948,0.19999960000080003,-0.6521736294897263,1,1,3,Residential Morning Outflow / Commuter Origins,🏡 Residential Neighborhoods & Commuter Communities,Strong negative net flow during morning rush (passengers leave for work) and positive inflow in evening return hours.
136,Bronx,Kingsbridge Heights,Boro Zone,30.0,50.0,80.0,35.99666666666667,9.574,0.0,0.8666666666666667,11.0,14.0,0.3666665444444852,0.1199999520000192,14.0,18.0,0.466666511111163,0.1249999609375122,4.0,12.0,0.1333332888889037,0.4999996875001953,0.0,3.0,0.0,0.9999966666777778,1.0,3.0,0.033333322222225924,0.49999875000312505,-0.3799997355001761,1,1,3,Residential Morning Outflow / Commuter Origins,🏡 Residential Neighborhoods & Commuter Communities,Strong negative net flow during morning rush (passengers leave for work) and positive inflow in evening return hours.
137,Manhattan,Kips Bay,Yellow Zone,3002.0,3749.0,6751.0,15.257381745502999,2.4232045303131247,0.009993337774816789,0.09526982011992005,384.0,731.0,0.12791472309155655,0.3112107595407107,1034.0,1064.0,0.3444370408246601,0.014299332629650463,821.0,786.0,0.2734843428598123,-0.021779713616803274,656.0,978.0,0.2185209852814091,0.1970624222945996,107.0,190.0,0.03564290461144935,0.2794612700518091,0.33299047315751396,0,0,1,Evening Dining & Nightlife Corridor,"🍸 Nightlife, Entertainment & Cultural Districts",High evening and late-night trip concentration. Massive outflow during late hours with high intra-borough social mobility.
138,Queens,LaGuardia Airport,Airports,10480.0,3187.0,13667.0,45.66209923664122,9.708426526717558,1.0,0.8866412213740458,976.0,830.0,0.09312977090350213,-0.08084163853354574,3928.0,1528.0,0.3748091599477012,-0.4398826971409775,2528.0,537.0,0.24122137381562847,-0.6495921675380353,2978.0,68.0,0.2841603050723661,-0.9553512772312827,70.0,224.0,0.0066793893066036366,0.523809505992874,0.5687505290044895,4,3,2,Intermodal Airport & Long-Haul Transit,✈️ Regional Gateways & Airport Hubs (JFK/LGA/EWR),"Extremely high average trip distance and fare, high cross-borough transit, and steady all-day departure/arrival volume."
139,Queens,Laurelton,Boro Zone,25.0,88.0,113.0,48.192,14.5092,0.0,0.92,11.0,12.0,0.4399998240000704,0.043478241965981754,5.0,27.0,0.199999920000032,0.687499785156317,4.0,20.0,0.1599999360000256,0.6666663888890046,1.0,25.0,0.0399999840000064,0.9230765680474738,4.0,4.0,0.1599999360000256,0.0,-0.6231881469230229,1,4,3,Residential Morning Outflow / Commuter Origins,🏡 Residential Neighborhoods & Commuter Communities,Strong negative net flow during morning rush (passengers leave for work) and positive inflow in evening return hours.
140,Manhattan,Lenox Hill East,Yellow Zone,6302.0,6309.0,12611.0,15.305669628689305,2.312046969216122,0.013011742304030467,0.06299587432561092,1083.0,1296.0,0.17185020601102793,0.0895334170259209,2797.0,2473.0,0.44382735569053106,-0.06148007578466779,1717.0,1336.0,0.2724531890313342,-0.12479528291911142,648.0,1060.0,0.1028244999955181,0.24121779718256559,57.0,144.0,0.009044747684790943,0.432835799361403,0.2143286999450323,0,0,1,Evening Dining & Nightlife Corridor,"🍸 Nightlife, Entertainment & Cultural Districts",High evening and late-night trip concentration. Massive outflow during late hours with high intra-borough social mobility.
141,Manhattan,Lenox Hill West,Yellow Zone,6949.0,8054.0,15003.0,13.165966326090086,1.8574715786444091,0.012088070225931788,0.04403511296589437,1082.0,683.0,0.15570585673376622,-0.2260623216653693,2634.0,2778.0,0.3790473443962479,0.02660753875349679,1861.0,2492.0,0.26780831735816907,0.1449575002413106,1245.0,1952.0,0.17916246916223563,0.22114482258009124,127.0,149.0,0.01827601091052524,0.07971014203948762,-0.3710198219066799,0,0,1,Evening Dining & Nightlife Corridor,"🍸 Nightlife, Entertainment & Cultural Districts",High evening and late-night trip concentration. Massive outflow during late hours with high intra-borough social mobility.
142,Manhattan,Lincoln Square East,Yellow Zone,9564.0,8425.0,17989.0,14.080708908406525,2.0904401923881224,0.013383521539104977,0.037745713090757006,1019.0,763.0,0.106545378391316,-0.14365880951931084,3251.0,3074.0,0.3399205349854449,-0.02798418967907638,2553.0,2766.0,0.2669385191688221,0.04004512118810844,2685.0,1680.0,0.2807402757415932,-0.23024054930070895,56.0,142.0,0.005855290667236208,0.43434341240689833,-0.18370393070741928,0,0,1,Evening Dining & Nightlife Corridor,"🍸 Nightlife, Entertainment & Cultural Districts",High evening and late-night trip concentration. Massive outflow during late hours with high intra-borough social mobility.
143,Manhattan,Lincoln Square West,Yellow Zone,3005.0,4563.0,7568.0,13.600382695507488,2.0586722129783697,0.011980033277870216,0.030948419301164726,525.0,413.0,0.17470881805421357,-0.11940298380167395,1288.0,1481.0,0.4286189669596706,0.06970025254712801,811.0,1423.0,0.269883526556128,0.27394807397516524,351.0,1170.0,0.11680532407053136,0.5384615349213574,30.0,76.0,0.009983361031669347,0.433962223211111,-0.3933510577768392,0,0,1,Evening Dining & Nightlife Corridor,"🍸 Nightlife, Entertainment & Cultural Districts",High evening and late-night trip concentration. Massive outflow during late hours with high intra-borough social mobility.
144,Manhattan,Little Italy/NoLiTa,Yellow Zone,2952.0,2645.0,5597.0,16.358563685636856,2.452591463414634,0.008130081300813009,0.09112466124661246,105.0,166.0,0.035569105570565356,0.22509224261652244,725.0,864.0,0.24559620513009414,0.08747639970121839,759.0,706.0,0.25711382026722956,-0.03617747415578516,1044.0,795.0,0.35365853538733555,-0.13539967299945802,319.0,114.0,0.10806233025724142,-0.4734410976110601,0.2612697167723076,0,0,1,Evening Dining & Nightlife Corridor,"🍸 Nightlife, Entertainment & Cultural Districts",High evening and late-night trip concentration. Massive outflow during late hours with high intra-borough social mobility.
145,Queens,Long Island City/Hunters Point,Boro Zone,191.0,739.0,930.0,49.21507853403141,6.615706806282722,0.34554973821989526,0.42408376963350786,35.0,51.0,0.18324606370439456,0.18604648999459417,65.0,170.0,0.34031411830816133,0.44680849162517056,45.0,173.0,0.23560208190565016,0.5871559363689938,23.0,305.0,0.12041884186288786,0.8597560713489003,23.0,40.0,0.12041884186288786,0.26984122700932905,-0.4011094463743996,2,1,0,Core Commercial & Morning Inflow Hub,🏢 Midtown / Lower Manhattan Office & Transit Hubs,High morning dropoff volume and strong positive AM net flow. Sinks workers in morning and disperses passengers in evening rush.
146,Queens,Long Island City/Queens Plaza,Boro Zone,114.0,236.0,350.0,22.401666666666667,3.6315789473684212,0.05263157894736842,0.4649122807017544,26.0,19.0,0.2280701554324425,-0.15555552098766198,33.0,61.0,0.2894736588181001,0.29787230873698844,28.0,48.0,0.24561401354263038,0.2631578601108079,21.0,94.0,0.1842105101569728,0.6347825534971693,6.0,14.0,0.05263157433056365,0.3999998000001,-0.4187133810984699,0,0,1,Evening Dining & Nightlife Corridor,"🍸 Nightlife, Entertainment & Cultural Districts",High evening and late-night trip concentration. Massive outflow during late hours with high intra-borough social mobility.
147,Bronx,Longwood,Boro Zone,20.0,36.0,56.0,38.1,10.045,0.0,1.0,4.0,7.0,0.19999990000005,0.2727270247936138,9.0,14.0,0.4499997750001125,0.21739120982990878,4.0,5.0,0.19999990000005,0.11111098765445816,0.0,6.0,0.0,0.9999983333361112,3.0,4.0,0.1499999250000375,0.14285693877580175,0.16161603713915568,2,1,0,Core Commercial & Morning Inflow Hub,🏢 Midtown / Lower Manhattan Office & Transit Hubs,High morning dropoff volume and strong positive AM net flow. Sinks workers in morning and disperses passengers in evening rush.
148,Manhattan,Lower East Side,Yellow Zone,2808.0,2881.0,5689.0,17.126014957264957,2.8128276353276354,0.01745014245014245,0.13995726495726496,81.0,143.0,0.028846153743425376,0.2767857019292097,406.0,694.0,0.144586894071984,0.26181817943801655,446.0,800.0,0.1588319082662681,0.2841091469975189,1394.0,1094.0,0.4964387446708022,-0.12057877765040684,481.0,150.0,0.17129629568626675,-0.5245641755219623,-0.007323445068309176,0,0,1,Evening Dining & Nightlife Corridor,"🍸 Nightlife, Entertainment & Cultural Districts",High evening and late-night trip concentration. Massive outflow during late hours with high intra-borough social mobility.
149,Brooklyn,Madison,Boro Zone,32.0,44.0,76.0,34.69375,8.071875,0.0,0.40625,12.0,5.0,0.3749998828125366,-0.41176446366796254,13.0,24.0,0.4062498730469146,0.2972972169466981,5.0,11.0,0.15624995117189025,0.3749997656251465,0.0,4.0,0.0,0.9999975000062501,2.0,0.0,0.0624999804687561,-0.9999950000249999,-0.786764229293109,1,4,3,Residential Morning Outflow / Commuter Origins,🏡 Residential Neighborhoods & Commuter Communities,Strong negative net flow during morning rush (passengers leave for work) and positive inflow in evening return hours.
150,Brooklyn,Manhattan Beach,Boro Zone,19.0,27.0,46.0,33.05263157894737,6.853684210526316,0.0,0.3684210526315789,5.0,6.0,0.2631577562327599,0.09090900826453795,10.0,11.0,0.5263155124655198,0.04761902494332146,2.0,7.0,0.10526310249310396,0.5555549382722909,1.0,3.0,0.05263155124655198,0.49999875000312505,1.0,0.0,0.05263155124655198,-0.9999900000999989,-0.4646459300077529,2,1,0,Core Commercial & Morning Inflow Hub,🏢 Midtown / Lower Manhattan Office & Transit Hubs,High morning dropoff volume and strong positive AM net flow. Sinks workers in morning and disperses passengers in evening rush.
151,Manhattan,Manhattan Valley,Yellow Zone,2160.0,2675.0,4835.0,14.475277777777777,2.3111342592592594,0.016203703703703703,0.03611111111111111,414.0,224.0,0.19166666577932098,-0.29780563796542886,902.0,872.0,0.41759259065929355,-0.016910935643117613,568.0,838.0,0.26296296174554185,0.19203413803674155,253.0,680.0,0.11712962908736281,0.4576634463272943,23.0,61.0,0.010648148098851165,0.4523808985260835,-0.48983977600217044,0,0,1,Evening Dining & Nightlife Corridor,"🍸 Nightlife, Entertainment & Cultural Districts",High evening and late-night trip concentration. Massive outflow during late hours with high intra-borough social mobility.
152,Manhattan,Manhattanville,Boro Zone,157.0,333.0,490.0,18.563057324840766,3.593630573248408,0.012738853503184714,0.1337579617834395,34.0,56.0,0.21656049576047798,0.24444441728395364,45.0,109.0,0.2866241855653385,0.41558438859841634,43.0,94.0,0.27388533287354566,0.3722627465501645,29.0,63.0,0.18471336403099592,0.3695651772211764,6.0,11.0,0.038216558075378465,0.29411747404854466,-0.12781832926621087,0,0,1,Evening Dining & Nightlife Corridor,"🍸 Nightlife, Entertainment & Cultural Districts",High evening and late-night trip concentration. Massive outflow during late hours with high intra-borough social mobility.
153,Manhattan,Marble Hill,Boro Zone,9.0,14.0,23.0,25.144444444444446,5.696666666666666,0.0,0.2222222222222222,1.0,0.0,0.11111098765445816,-0.9999900000999989,5.0,2.0,0.5555549382722909,-0.4285708163274053,2.0,6.0,0.22222197530891633,0.4999993750007813,0.0,5.0,0.0,0.9999980000040001,1.0,1.0,0.11111098765445816,0.0,-1.4999893751007802,1,4,3,Residential Morning Outflow / Commuter Origins,🏡 Residential Neighborhoods & Commuter Communities,Strong negative net flow during morning rush (passengers leave for work) and positive inflow in evening return hours.
154,Brooklyn,Marine Park/Floyd Bennett Field,Boro Zone,3.0,40.0,43.0,50.300000000000004,12.300000000000002,0.0,0.6666666666666666,2.0,7.0,0.6666644444518518,0.5555549382722909,1.0,7.0,0.3333322222259259,0.7499990625011719,0.0,3.0,0.0,0.9999966666777778,0.0,23.0,0.0,0.9999995652175804,0.0,0.0,0.0,0.0,-0.4444417284054869,1,4,3,Residential Morning Outflow / Commuter Origins,🏡 Residential Neighborhoods & Commuter Communities,Strong negative net flow during morning rush (passengers leave for work) and positive inflow in evening return hours.
155,Brooklyn,Marine Park/Mill Basin,Boro Zone,44.0,131.0,175.0,32.15227272727273,6.884090909090909,0.0,0.3409090909090909,15.0,26.0,0.34090901342976965,0.2682926174896055,19.0,52.0,0.43181808367770824,0.46478866693117366,5.0,24.0,0.11363633780992322,0.6551721878716593,3.0,27.0,0.06818180268595393,0.7999997333334222,2.0,2.0,0.045454535123969284,0.0,-0.38687957038205384,2,1,0,Core Commercial & Morning Inflow Hub,🏢 Midtown / Lower Manhattan Office & Transit Hubs,High morning dropoff volume and strong positive AM net flow. Sinks workers in morning and disperses passengers in evening rush.
156,Staten Island,Mariners Harbor,Boro Zone,0.0,7.0,7.0,,,,,0.0,2.0,0.0,0.9999950000249999,0.0,2.0,0.0,0.9999950000249999,0.0,2.0,0.0,0.9999950000249999,0.0,1.0,0.0,0.9999900000999989,0.0,0.0,0.0,0.0,0.0,3,2,4,Outer-Borough & Low-Density Periphery,🌳 Outer Boroughs & Peripheral Transit Connectors,"Lower trip density, balanced off-peak demand, high cross-borough connection requirement to central urban cores."
157,Queens,Maspeth,Boro Zone,40.0,138.0,178.0,51.90225,6.907500000000001,0.275,0.6,6.0,15.0,0.14999996250000935,0.4285712244898931,9.0,29.0,0.22499994375001403,0.5263156509695655,4.0,28.0,0.09999997500000624,0.7499997656250732,8.0,54.0,0.19999995000001247,0.7419353642039734,13.0,12.0,0.32499991875002027,-0.0399999840000064,-0.3214285411351801,2,1,0,Core Commercial & Morning Inflow Hub,🏢 Midtown / Lower Manhattan Office & Transit Hubs,High morning dropoff volume and strong positive AM net flow. Sinks workers in morning and disperses passengers in evening rush.
158,Manhattan,Meatpacking/West Village West,Yellow Zone,2626.0,3153.0,5779.0,17.106854531607006,2.677871287128713,0.021325209444021324,0.06968773800456969,155.0,232.0,0.059025133057787,0.19896640312748315,652.0,1008.0,0.24828636615275562,0.21445783003338656,671.0,1005.0,0.2555217050437102,0.199284008357494,1028.0,856.0,0.3914699147316454,-0.09129511628824248,120.0,52.0,0.04569687720602864,-0.39534881422390616,-0.0003176052300108423,0,0,1,Evening Dining & Nightlife Corridor,"🍸 Nightlife, Entertainment & Cultural Districts",High evening and late-night trip concentration. Massive outflow during late hours with high intra-borough social mobility.
159,Bronx,Melrose South,Boro Zone,71.0,97.0,168.0,29.540845070422538,6.732957746478873,0.0,0.9014084507042254,24.0,27.0,0.3380281214044899,0.058823517877741587,25.0,32.0,0.35211262646301034,0.12280699599877262,19.0,14.0,0.26760559611188783,-0.15151510560148312,2.0,21.0,0.028169010117040826,0.8260865973536533,1.0,3.0,0.014084505058520413,0.49999875000312505,0.21033862347922472,2,1,0,Core Commercial & Morning Inflow Hub,🏢 Midtown / Lower Manhattan Office & Transit Hubs,High morning dropoff volume and strong positive AM net flow. Sinks workers in morning and disperses passengers in evening rush.
160,Queens,Middle Village,Boro Zone,17.0,79.0,96.0,42.18705882352941,8.717647058823529,0.23529411764705882,0.6470588235294118,5.0,10.0,0.29411747404854466,0.3333331111112593,7.0,22.0,0.41176446366796254,0.51724120095131,2.0,12.0,0.11764698961941787,0.7142852040819971,0.0,33.0,0.0,0.9999996969697887,3.0,2.0,0.1764704844291268,-0.19999960000080003,-0.38095209297073784,2,1,0,Core Commercial & Morning Inflow Hub,🏢 Midtown / Lower Manhattan Office & Transit Hubs,High morning dropoff volume and strong positive AM net flow. Sinks workers in morning and disperses passengers in evening rush.
161,Manhattan,Midtown Center,Yellow Zone,14684.0,11682.0,26366.0,16.68401593571234,2.316924543721057,0.03479978207572868,0.07225551620811768,1205.0,2772.0,0.0820621083614396,0.39401558864969677,5078.0,4729.0,0.34581857780862263,-0.0355868257004315,4964.0,2645.0,0.33805502564828727,-0.3047706659156648,3336.0,1385.0,0.22718605269191908,-0.41325990168765114,101.0,151.0,0.006878234808718173,0.19841269053917895,0.6987862545653616,0,0,1,Evening Dining & Nightlife Corridor,"🍸 Nightlife, Entertainment & Cultural Districts",High evening and late-night trip concentration. Massive outflow during late hours with high intra-borough social mobility.
162,Manhattan,Midtown East,Yellow Zone,11064.0,8713.0,19777.0,16.04337129428778,2.258537599421547,0.029103398409255243,0.06986623282718728,1542.0,1782.0,0.13937093262891276,0.07220216584776724,3674.0,3235.0,0.3320679678849711,-0.0635403096489502,3559.0,2041.0,0.3216738970339173,-0.27107142808737245,2170.0,1525.0,0.1961315977981457,-0.1745602160363729,119.0,130.0,0.010755603750220893,0.044176705053144374,0.3432735939351397,0,0,1,Evening Dining & Nightlife Corridor,"🍸 Nightlife, Entertainment & Cultural Districts",High evening and late-night trip concentration. Massive outflow during late hours with high intra-borough social mobility.
163,Manhattan,Midtown North,Yellow Zone,8765.0,7749.0,16514.0,16.532417569880206,2.3554911580148317,0.03867655447803765,0.06959498003422704,714.0,1272.0,0.08146035358646851,0.2809667659568642,3109.0,3159.0,0.35470621750746584,0.00797702615191923,2863.0,1943.0,0.3266400452633884,-0.19142738204030924,1992.0,1262.0,0.22726754109838274,-0.22433927404935686,87.0,113.0,0.009925841403393221,0.12999999350000033,0.47239414799717344,0,0,1,Evening Dining & Nightlife Corridor,"🍸 Nightlife, Entertainment & Cultural Districts",High evening and late-night trip concentration. Massive outflow during late hours with high intra-borough social mobility.
164,Manhattan,Midtown South,Yellow Zone,6290.0,6178.0,12468.0,15.871613672496025,2.283945945945946,0.028457869634340223,0.07599364069952305,533.0,704.0,0.08473767872060783,0.13823767066905682,1994.0,2178.0,0.3170111282718424,0.04410354735353896,1791.0,1642.0,0.2847376784026428,-0.043402271938822394,1798.0,1497.0,0.28585055598433934,-0.09135053083049914,174.0,157.0,0.027662957030742518,-0.051359515064667224,0.18163994260787922,0,0,1,Evening Dining & Nightlife Corridor,"🍸 Nightlife, Entertainment & Cultural Districts",High evening and late-night trip concentration. Massive outflow during late hours with high intra-borough social mobility.
165,Brooklyn,Midwood,Boro Zone,68.0,103.0,171.0,29.836764705882356,6.367794117647058,0.0,0.3382352941176471,15.0,24.0,0.22058820285467604,0.2307691715976483,43.0,28.0,0.6323528481834046,-0.2112675758778062,9.0,21.0,0.13235292171280563,0.3999998666667111,1.0,23.0,0.014705880190311736,0.9166662847223814,0.0,7.0,0.0,0.9999985714306123,-0.16923069506906283,2,1,0,Core Commercial & Morning Inflow Hub,🏢 Midtown / Lower Manhattan Office & Transit Hubs,High morning dropoff volume and strong positive AM net flow. Sinks workers in morning and disperses passengers in evening rush.
166,Manhattan,Morningside Heights,Boro Zone,1275.0,1930.0,3205.0,17.203215686274508,2.923874509803922,0.017254901960784313,0.0603921568627451,195.0,297.0,0.1529411752710496,0.20731706895697016,501.0,716.0,0.39294117338869666,0.176663926239409,363.0,466.0,0.2847058801199539,0.12424607811524635,196.0,402.0,0.15372548899038832,0.3444815995906087,20.0,49.0,0.015686274386774317,0.4202897941608994,0.08307099084172381,0,0,1,Evening Dining & Nightlife Corridor,"🍸 Nightlife, Entertainment & Cultural Districts",High evening and late-night trip concentration. Massive outflow during late hours with high intra-borough social mobility.
167,Bronx,Morrisania/Melrose,Boro Zone,55.0,71.0,126.0,33.012727272727275,8.5,0.0,0.8727272727272727,17.0,12.0,0.3090908528925722,-0.17241373365043666,22.0,29.0,0.3999999272727405,0.13725487504806372,9.0,12.0,0.16363633388430293,0.14285707482996438,2.0,12.0,0.03636362975206731,0.7142852040819971,5.0,6.0,0.09090907438016829,0.09090900826453795,-0.315270808480401,1,1,3,Residential Morning Outflow / Commuter Origins,🏡 Residential Neighborhoods & Commuter Communities,Strong negative net flow during morning rush (passengers leave for work) and positive inflow in evening return hours.
168,Bronx,Mott Haven/Port Morris,Boro Zone,87.0,197.0,284.0,27.278160919540227,5.913908045977012,0.0,0.7586206896551724,32.0,39.0,0.3678160496763161,0.0985915354096429,36.0,58.0,0.41379305588585563,0.23404252829334804,11.0,46.0,0.12643676707623366,0.6140349799938631,2.0,42.0,0.022988503104769756,0.9090907024793857,6.0,12.0,0.06896550931430927,0.33333314814825105,-0.5154434445842202,1,1,3,Residential Morning Outflow / Commuter Origins,🏡 Residential Neighborhoods & Commuter Communities,Strong negative net flow during morning rush (passengers leave for work) and positive inflow in evening return hours.
169,Bronx,Mount Hope,Boro Zone,35.0,66.0,101.0,36.51428571428571,7.906,0.0,0.7428571428571429,11.0,12.0,0.31428562448982156,0.043478241965981754,19.0,24.0,0.5428569877551463,0.11627904272580401,3.0,18.0,0.08571426122449678,0.7142853741498219,2.0,11.0,0.05714284081633119,0.6923071597637233,0.0,1.0,0.0,0.9999900000999989,-0.6708071321838401,1,1,3,Residential Morning Outflow / Commuter Origins,🏡 Residential Neighborhoods & Commuter Communities,Strong negative net flow during morning rush (passengers leave for work) and positive inflow in evening return hours.
170,Manhattan,Murray Hill,Yellow Zone,8447.0,8511.0,16958.0,15.957805137918786,2.302020835799692,0.023677045104770925,0.07351722505031372,1103.0,1086.0,0.13057890359822552,-0.007766103208012319,3033.0,2940.0,0.35906238858877426,-0.015570065267754788,2428.0,2110.0,0.28743932723163335,-0.07007492271909449,1771.0,2153.0,0.2096602341545398,0.09734964297311507,112.0,222.0,0.013259145242974849,0.3293413075047513,0.06230881951108217,0,0,1,Evening Dining & Nightlife Corridor,"🍸 Nightlife, Entertainment & Cultural Districts",High evening and late-night trip concentration. Massive outflow during late hours with high intra-borough social mobility.
171,Queens,Murray Hill-Queens,Boro Zone,11.0,42.0,53.0,43.59090909090909,11.945454545454545,0.0,0.9090909090909091,5.0,5.0,0.45454504132268975,0.0,5.0,11.0,0.45454504132268975,0.3749997656251465,1.0,11.0,0.09090900826453795,0.8333326388894676,0.0,12.0,0.0,0.9999991666673611,0.0,3.0,0.0,0.9999966666777778,-0.8333326388894676,1,4,3,Residential Morning Outflow / Commuter Origins,🏡 Residential Neighborhoods & Commuter Communities,Strong negative net flow during morning rush (passengers leave for work) and positive inflow in evening return hours.
172,Staten Island,New Dorp/Midland Beach,Boro Zone,0.0,3.0,3.0,,,,,0.0,0.0,0.0,0.0,0.0,0.0,0.0,0.0,0.0,1.0,0.0,0.9999900000999989,0.0,2.0,0.0,0.9999950000249999,0.0,0.0,0.0,0.0,-0.9999900000999989,3,2,4,Outer-Borough & Low-Density Periphery,🌳 Outer Boroughs & Peripheral Transit Connectors,"Lower trip density, balanced off-peak demand, high cross-borough connection requirement to central urban cores."
173,Queens,North Corona,Boro Zone,16.0,48.0,64.0,36.36875,10.18,0.0625,0.875,5.0,2.0,0.31249980468762206,-0.4285708163274053,7.0,16.0,0.4374997265626709,0.3913041776938358,1.0,7.0,0.06249996093752441,0.7499990625011719,1.0,18.0,0.06249996093752441,0.8947363711913836,2.0,5.0,0.12499992187504883,0.4285708163274053,-1.1785698788285772,1,4,3,Residential Morning Outflow / Commuter Origins,🏡 Residential Neighborhoods & Commuter Communities,Strong negative net flow during morning rush (passengers leave for work) and positive inflow in evening return hours.
174,Bronx,Norwood,Boro Zone,39.0,60.0,99.0,38.96153846153846,10.679487179487179,0.0,0.7948717948717948,12.0,22.0,0.30769222879686436,0.2941175605536586,16.0,17.0,0.41025630506248584,0.030303021120296626,6.0,11.0,0.15384611439843218,0.29411747404854466,2.0,8.0,0.05128203813281073,0.5999994000006,3.0,2.0,0.07692305719921609,-0.19999960000080003,8.650511396091076e-08,2,1,0,Core Commercial & Morning Inflow Hub,🏢 Midtown / Lower Manhattan Office & Transit Hubs,High morning dropoff volume and strong positive AM net flow. Sinks workers in morning and disperses passengers in evening rush.
175,Queens,Oakland Gardens,Boro Zone,8.0,35.0,43.0,37.0625,10.8125,0.0,0.625,3.0,5.0,0.37499953125058594,0.24999968750039064,2.0,12.0,0.24999968750039064,0.7142852040819971,3.0,10.0,0.37499953125058594,0.5384611242606736,0.0,8.0,0.0,0.9999987500015626,0.0,0.0,0.0,0.0,-0.28846143676028296,1,4,3,Residential Morning Outflow / Commuter Origins,🏡 Residential Neighborhoods & Commuter Communities,Strong negative net flow during morning rush (passengers leave for work) and positive inflow in evening return hours.
176,Staten Island,Oakwood,Boro Zone,0.0,3.0,3.0,,,,,0.0,0.0,0.0,0.0,0.0,1.0,0.0,0.9999900000999989,0.0,0.0,0.0,0.0,0.0,2.0,0.0,0.9999950000249999,0.0,0.0,0.0,0.0,0.0,3,2,4,Outer-Borough & Low-Density Periphery,🌳 Outer Boroughs & Peripheral Transit Connectors,"Lower trip density, balanced off-peak demand, high cross-borough connection requirement to central urban cores."
177,Brooklyn,Ocean Hill,Boro Zone,109.0,139.0,248.0,32.34678899082569,7.540275229357798,0.0,0.5229357798165137,46.0,15.0,0.42201830990657707,-0.5081966380005511,43.0,54.0,0.3944953766518003,0.11340205016473709,17.0,27.0,0.155963288443735,0.22727267561984643,1.0,41.0,0.009174311084925588,0.9523807256236367,2.0,2.0,0.018348622169851177,0.0,-0.7354693136203976,1,4,3,Residential Morning Outflow / Commuter Origins,🏡 Residential Neighborhoods & Commuter Communities,Strong negative net flow during morning rush (passengers leave for work) and positive inflow in evening return hours.
178,Brooklyn,Ocean Parkway South,Boro Zone,6.0,32.0,38.0,30.733333333333334,6.833333333333333,0.0,0.3333333333333333,1.0,5.0,0.16666638888935187,0.6666655555574075,2.0,12.0,0.33333277777870374,0.7142852040819971,1.0,9.0,0.16666638888935187,0.7999992000008,1.0,5.0,0.16666638888935187,0.6666655555574075,1.0,1.0,0.16666638888935187,0.0,-0.13333364444339257,2,1,0,Core Commercial & Morning Inflow Hub,🏢 Midtown / Lower Manhattan Office & Transit Hubs,High morning dropoff volume and strong positive AM net flow. Sinks workers in morning and disperses passengers in evening rush.
179,Queens,Old Astoria,Boro Zone,60.0,259.0,319.0,26.390666666666668,5.3115,0.03333333333333333,0.4666666666666667,11.0,22.0,0.18333330277778287,0.3333332323232629,28.0,55.0,0.46666658888890183,0.3253011656263656,10.0,47.0,0.16666663888889352,0.6491226931363696,9.0,119.0,0.14999997500000417,0.8593749328613334,2.0,16.0,0.0333333277777787,0.7777773456792524,-0.3157894608131067,2,1,0,Core Commercial & Morning Inflow Hub,🏢 Midtown / Lower Manhattan Office & Transit Hubs,High morning dropoff volume and strong positive AM net flow. Sinks workers in morning and disperses passengers in evening rush.
180,Queens,Ozone Park,Boro Zone,13.0,47.0,60.0,38.58461538461539,7.861538461538462,0.07692307692307693,0.6153846153846154,2.0,8.0,0.15384603550304962,0.5999994000006,2.0,16.0,0.15384603550304962,0.7777773456792524,2.0,10.0,0.15384603550304962,0.6666661111115741,3.0,10.0,0.23076905325457442,0.5384611242606736,4.0,3.0,0.30769207100609924,-0.14285693877580175,-0.06666671111097411,2,1,0,Core Commercial & Morning Inflow Hub,🏢 Midtown / Lower Manhattan Office & Transit Hubs,High morning dropoff volume and strong positive AM net flow. Sinks workers in morning and disperses passengers in evening rush.
181,Brooklyn,Park Slope,Boro Zone,130.0,758.0,888.0,26.911076923076923,5.446230769230769,0.007692307692307693,0.3769230769230769,16.0,60.0,0.12307691360946818,0.5789472922437773,49.0,163.0,0.3769230479289963,0.5377358236917065,31.0,205.0,0.2384615201183446,0.7372881043521989,34.0,302.0,0.2615384414201199,0.7976190238803863,0.0,28.0,0.0,0.9999996428572704,-0.15834081210842166,2,1,0,Core Commercial & Morning Inflow Hub,🏢 Midtown / Lower Manhattan Office & Transit Hubs,High morning dropoff volume and strong positive AM net flow. Sinks workers in morning and disperses passengers in evening rush.
182,Bronx,Parkchester,Boro Zone,63.0,66.0,129.0,38.29047619047619,10.403174603174604,0.0,0.8888888888888888,24.0,6.0,0.38095232048375866,-0.5999998000000667,20.0,28.0,0.31746026706979885,0.16666663194445167,7.0,20.0,0.1111110934744296,0.4814813031550729,2.0,8.0,0.03174602670697989,0.5999994000006,10.0,4.0,0.15873013353489943,-0.42857112244919826,-1.0814811031551397,1,4,3,Residential Morning Outflow / Commuter Origins,🏡 Residential Neighborhoods & Commuter Communities,Strong negative net flow during morning rush (passengers leave for work) and positive inflow in evening return hours.
183,Bronx,Pelham Bay,Boro Zone,13.0,16.0,29.0,50.43076923076923,11.236923076923079,0.0,0.9230769230769231,5.0,1.0,0.38461508875762407,-0.6666655555574075,5.0,6.0,0.38461508875762407,0.09090900826453795,2.0,6.0,0.15384603550304962,0.4999993750007813,0.0,2.0,0.0,0.9999950000249999,1.0,1.0,0.07692301775152481,0.0,-1.1666649305581887,1,4,3,Residential Morning Outflow / Commuter Origins,🏡 Residential Neighborhoods & Commuter Communities,Strong negative net flow during morning rush (passengers leave for work) and positive inflow in evening return hours.
184,Bronx,Pelham Bay Park,Boro Zone,0.0,4.0,4.0,,,,,0.0,0.0,0.0,0.0,0.0,3.0,0.0,0.9999966666777778,0.0,0.0,0.0,0.0,0.0,1.0,0.0,0.9999900000999989,0.0,0.0,0.0,0.0,0.0,3,2,4,Outer-Borough & Low-Density Periphery,🌳 Outer Boroughs & Peripheral Transit Connectors,"Lower trip density, balanced off-peak demand, high cross-borough connection requirement to central urban cores."
185,Bronx,Pelham Parkway,Boro Zone,27.0,44.0,71.0,40.2925925925926,11.137777777777778,0.0,0.8148148148148148,12.0,7.0,0.4444442798354519,-0.2631577562327599,9.0,10.0,0.33333320987658893,0.05263155124655198,3.0,18.0,0.11111106995886298,0.7142853741498219,1.0,8.0,0.03703702331962099,0.7777769135812072,2.0,1.0,0.07407404663924198,-0.3333322222259259,-0.9774431303825817,1,4,3,Residential Morning Outflow / Commuter Origins,🏡 Residential Neighborhoods & Commuter Communities,Strong negative net flow during morning rush (passengers leave for work) and positive inflow in evening return hours.
186,Manhattan,Penn Station/Madison Sq West,Yellow Zone,11238.0,6446.0,17684.0,16.93199679658302,2.239400249154654,0.009877202349172451,0.0600640683395622,1876.0,767.0,0.1669336179329653,-0.41959893901021966,3869.0,2243.0,0.3442783410355238,-0.2660340309783475,2642.0,1860.0,0.23509521246209716,-0.17370057713527193,2567.0,1383.0,0.22842142709697327,-0.2997468346841852,284.0,193.0,0.02527140058260242,-0.190775677342229,-0.24589836187494774,0,0,1,Evening Dining & Nightlife Corridor,"🍸 Nightlife, Entertainment & Cultural Districts",High evening and late-night trip concentration. Massive outflow during late hours with high intra-borough social mobility.
187,Staten Island,Port Richmond,Boro Zone,0.0,0.0,0.0,,,,,0.0,0.0,0.0,0.0,0.0,0.0,0.0,0.0,0.0,0.0,0.0,0.0,0.0,0.0,0.0,0.0,0.0,0.0,0.0,0.0,0.0,3,2,4,Outer-Borough & Low-Density Periphery,🌳 Outer Boroughs & Peripheral Transit Connectors,"Lower trip density, balanced off-peak demand, high cross-borough connection requirement to central urban cores."
188,Brooklyn,Prospect-Lefferts Gardens,Boro Zone,152.0,291.0,443.0,29.075592105263155,6.324342105263158,0.0,0.4276315789473684,52.0,43.0,0.342105240650971,-0.09473683213296503,70.0,110.0,0.4605262854916917,0.2222222098765439,20.0,53.0,0.13157893871191192,0.4520547325952421,4.0,72.0,0.026315787742382385,0.8947367243767468,6.0,13.0,0.03947368161357358,0.36842085872586383,-0.5467915647282071,1,1,3,Residential Morning Outflow / Commuter Origins,🏡 Residential Neighborhoods & Commuter Communities,Strong negative net flow during morning rush (passengers leave for work) and positive inflow in evening return hours.
189,Brooklyn,Prospect Heights,Boro Zone,31.0,242.0,273.0,28.335483870967742,6.5041935483870965,0.03225806451612903,0.5161290322580645,2.0,15.0,0.06451610822061025,0.7647054325262161,18.0,52.0,0.5806449739854923,0.4857142163265405,2.0,44.0,0.06451610822061025,0.9130432797732,8.0,126.0,0.258064432882441,0.8805969492091829,1.0,5.0,0.03225805411030513,0.6666655555574075,-0.14833784724698384,2,1,0,Core Commercial & Morning Inflow Hub,🏢 Midtown / Lower Manhattan Office & Transit Hubs,High morning dropoff volume and strong positive AM net flow. Sinks workers in morning and disperses passengers in evening rush.
190,Brooklyn,Prospect Park,Boro Zone,11.0,42.0,53.0,29.454545454545453,5.350909090909091,0.09090909090909091,0.5454545454545454,3.0,4.0,0.2727270247936138,0.14285693877580175,3.0,12.0,0.2727270247936138,0.5999996000002666,2.0,7.0,0.1818180165290759,0.5555549382722909,3.0,19.0,0.2727270247936138,0.7272723966943652,0.0,0.0,0.0,0.0,-0.4126979994964891,2,0,0,Core Commercial & Morning Inflow Hub,🏢 Midtown / Lower Manhattan Office & Transit Hubs,High morning dropoff volume and strong positive AM net flow. Sinks workers in morning and disperses passengers in evening rush.
191,Queens,Queens Village,Boro Zone,31.0,103.0,134.0,49.31612903225806,14.925483870967742,0.03225806451612903,0.8709677419354839,10.0,11.0,0.3225805411030513,0.04761902494332146,7.0,29.0,0.22580637877213589,0.6111109413580718,3.0,24.0,0.09677416233091538,0.7777774897120409,5.0,31.0,0.16129027055152564,0.7222220216049939,6.0,8.0,0.19354832466183075,0.1428570408163994,-0.7301584647687194,1,4,3,Residential Morning Outflow / Commuter Origins,🏡 Residential Neighborhoods & Commuter Communities,Strong negative net flow during morning rush (passengers leave for work) and positive inflow in evening return hours.
192,Queens,Queensboro Hill,Boro Zone,7.0,31.0,38.0,33.2,10.498571428571429,0.0,0.5714285714285714,1.0,9.0,0.14285693877580175,0.7999992000008,3.0,8.0,0.4285708163274053,0.45454504132268975,0.0,8.0,0.0,0.9999987500015626,3.0,6.0,0.4285708163274053,0.3333329629633745,0.0,0.0,0.0,0.0,-0.19999955000076253,2,1,0,Core Commercial & Morning Inflow Hub,🏢 Midtown / Lower Manhattan Office & Transit Hubs,High morning dropoff volume and strong positive AM net flow. Sinks workers in morning and disperses passengers in evening rush.
193,Queens,Queensbridge/Ravenswood,Boro Zone,40.0,133.0,173.0,27.99,5.496,0.1,0.55,15.0,3.0,0.3749999062500234,-0.6666662962965021,14.0,40.0,0.3499999125000218,0.48148139231826065,6.0,38.0,0.14999996250000935,0.7272725619835085,2.0,47.0,0.04999998750000312,0.9183671595169062,3.0,5.0,0.07499998125000468,0.24999968750039064,-1.3939388582800105,1,4,3,Residential Morning Outflow / Commuter Origins,🏡 Residential Neighborhoods & Commuter Communities,Strong negative net flow during morning rush (passengers leave for work) and positive inflow in evening return hours.
194,Manhattan,Randalls Island,Yellow Zone,7.0,43.0,50.0,33.94285714285714,5.418571428571428,0.14285714285714285,0.2857142857142857,2.0,11.0,0.2857138775516035,0.6923071597637233,0.0,12.0,0.0,0.9999991666673611,3.0,13.0,0.4285708163274053,0.6249996093752441,2.0,6.0,0.2857138775516035,0.4999993750007813,0.0,1.0,0.0,0.9999900000999989,0.06730755038847913,2,1,0,Core Commercial & Morning Inflow Hub,🏢 Midtown / Lower Manhattan Office & Transit Hubs,High morning dropoff volume and strong positive AM net flow. Sinks workers in morning and disperses passengers in evening rush.
195,Brooklyn,Red Hook,Boro Zone,66.0,141.0,207.0,51.31363636363636,8.926363636363636,0.13636363636363635,0.5909090909090909,35.0,26.0,0.5303029499540984,-0.14754095941951484,24.0,69.0,0.3636363085399532,0.48387091571280477,3.0,26.0,0.04545453856749415,0.7931031747920088,3.0,19.0,0.04545453856749415,0.7272723966943652,1.0,1.0,0.015151512855831386,0.0,-0.9406441342115236,1,4,3,Residential Morning Outflow / Commuter Origins,🏡 Residential Neighborhoods & Commuter Communities,Strong negative net flow during morning rush (passengers leave for work) and positive inflow in evening return hours.
196,Queens,Rego Park,Boro Zone,30.0,146.0,176.0,35.763333333333335,7.599666666666667,0.06666666666666667,0.7,7.0,20.0,0.2333332555555815,0.4814813031550729,14.0,37.0,0.466666511111163,0.45098030372935216,5.0,25.0,0.16666661111112963,0.6666664444445185,1.0,52.0,0.033333322222225924,0.9622639693841567,3.0,12.0,0.09999996666667778,0.5999996000002666,-0.18518514128944558,2,1,0,Core Commercial & Morning Inflow Hub,🏢 Midtown / Lower Manhattan Office & Transit Hubs,High morning dropoff volume and strong positive AM net flow. Sinks workers in morning and disperses passengers in evening rush.
197,Queens,Richmond Hill,Boro Zone,64.0,150.0,214.0,52.390781249999996,9.07234375,0.171875,0.640625,13.0,34.0,0.2031249682617237,0.44680841557267753,24.0,42.0,0.37499994140625914,0.2727272314049649,20.0,20.0,0.3124999511718826,0.0,4.0,38.0,0.06249999023437652,0.8095236167800912,3.0,16.0,0.04687499267578239,0.6842101662051757,0.44680841557267753,2,1,0,Core Commercial & Morning Inflow Hub,🏢 Midtown / Lower Manhattan Office & Transit Hubs,High morning dropoff volume and strong positive AM net flow. Sinks workers in morning and disperses passengers in evening rush.
198,Queens,Ridgewood,Boro Zone,26.0,188.0,214.0,25.974230769230772,4.964230769230769,0.0,0.7692307692307693,8.0,25.0,0.30769218934915793,0.5151513590450426,14.0,51.0,0.5384613313610264,0.5692306816568182,2.0,37.0,0.07692304733728948,0.8974356673241878,2.0,66.0,0.07692304733728948,0.9411763321799511,0.0,9.0,0.0,0.9999988888901234,-0.38228430827914517,2,1,0,Core Commercial & Morning Inflow Hub,🏢 Midtown / Lower Manhattan Office & Transit Hubs,High morning dropoff volume and strong positive AM net flow. Sinks workers in morning and disperses passengers in evening rush.
199,Bronx,Rikers Island,Boro Zone,0.0,0.0,0.0,,,,,0.0,0.0,0.0,0.0,0.0,0.0,0.0,0.0,0.0,0.0,0.0,0.0,0.0,0.0,0.0,0.0,0.0,0.0,0.0,0.0,0.0,3,2,4,Outer-Borough & Low-Density Periphery,🌳 Outer Boroughs & Peripheral Transit Connectors,"Lower trip density, balanced off-peak demand, high cross-borough connection requirement to central urban cores."
200,Bronx,Riverdale/North Riverdale/Fieldston,Boro Zone,25.0,122.0,147.0,45.684,10.685599999999999,0.0,0.8,8.0,6.0,0.3199998720000512,-0.1428570408163994,10.0,32.0,0.399999840000064,0.5238093990930002,6.0,32.0,0.2399999040000384,0.6842103462604351,1.0,46.0,0.0399999840000064,0.9574466047985947,0.0,6.0,0.0,0.9999983333361112,-0.8270673870768345,1,4,3,Residential Morning Outflow / Commuter Origins,🏡 Residential Neighborhoods & Commuter Communities,Strong negative net flow during morning rush (passengers leave for work) and positive inflow in evening return hours.
201,Queens,Rockaway Park,Boro Zone,14.0,48.0,62.0,44.107142857142854,11.596428571428572,0.07142857142857142,0.7857142857142857,2.0,3.0,0.1428570408163994,0.19999960000080003,7.0,13.0,0.49999964285739795,0.299999850000075,4.0,13.0,0.2857140816327988,0.5294114532873805,1.0,17.0,0.0714285204081997,0.8888883950620028,0.0,2.0,0.0,0.9999950000249999,-0.32941185328658046,2,1,0,Core Commercial & Morning Inflow Hub,🏢 Midtown / Lower Manhattan Office & Transit Hubs,High morning dropoff volume and strong positive AM net flow. Sinks workers in morning and disperses passengers in evening rush.
202,Manhattan,Roosevelt Island,Boro Zone,32.0,169.0,201.0,33.771875,6.2975,0.125,0.59375,11.0,11.0,0.3437498925781585,0.0,11.0,44.0,0.3437498925781585,0.5999998909091107,4.0,52.0,0.1249999609375122,0.8571427040816599,5.0,54.0,0.15624995117189025,0.8305083338121467,1.0,8.0,0.03124999023437805,0.7777769135812072,-0.8571427040816599,1,1,3,Residential Morning Outflow / Commuter Origins,🏡 Residential Neighborhoods & Commuter Communities,Strong negative net flow during morning rush (passengers leave for work) and positive inflow in evening return hours.
203,Queens,Rosedale,Boro Zone,23.0,68.0,91.0,51.160869565217396,14.755217391304347,0.0,0.9130434782608695,8.0,7.0,0.34782593572785403,-0.06666662222225185,9.0,25.0,0.3913041776938358,0.4705880968858538,4.0,16.0,0.17391296786392701,0.59999970000015,0.0,15.0,0.0,0.9999993333337778,2.0,5.0,0.08695648393196351,0.4285708163274053,-0.6666663222224019,1,4,3,Residential Morning Outflow / Commuter Origins,🏡 Residential Neighborhoods & Commuter Communities,Strong negative net flow during morning rush (passengers leave for work) and positive inflow in evening return hours.
204,Staten Island,Rossville/Woodrow,Boro Zone,0.0,0.0,0.0,,,,,0.0,0.0,0.0,0.0,0.0,0.0,0.0,0.0,0.0,0.0,0.0,0.0,0.0,0.0,0.0,0.0,0.0,0.0,0.0,0.0,0.0,3,2,4,Outer-Borough & Low-Density Periphery,🌳 Outer Boroughs & Peripheral Transit Connectors,"Lower trip density, balanced off-peak demand, high cross-borough connection requirement to central urban cores."
205,Queens,Saint Albans,Boro Zone,82.0,136.0,218.0,43.552439024390246,12.275243902439025,0.012195121951219513,0.8658536585365854,35.0,18.0,0.4268292162403395,-0.32075465646138557,31.0,50.0,0.37804873438430064,0.23456787227557133,7.0,32.0,0.0853658432480679,0.6410254766601341,1.0,25.0,0.012195120464009699,0.9230765680474738,8.0,11.0,0.09756096371207759,0.15789465373965592,-0.9617801331215197,1,4,3,Residential Morning Outflow / Commuter Origins,🏡 Residential Neighborhoods & Commuter Communities,Strong negative net flow during morning rush (passengers leave for work) and positive inflow in evening return hours.
206,Staten Island,Saint George/New Brighton,Boro Zone,0.0,4.0,4.0,,,,,0.0,1.0,0.0,0.9999900000999989,0.0,1.0,0.0,0.9999900000999989,0.0,1.0,0.0,0.9999900000999989,0.0,1.0,0.0,0.9999900000999989,0.0,0.0,0.0,0.0,0.0,3,2,4,Outer-Borough & Low-Density Periphery,🌳 Outer Boroughs & Peripheral Transit Connectors,"Lower trip density, balanced off-peak demand, high cross-borough connection requirement to central urban cores."
207,Queens,Saint Michaels Cemetery/Woodside,Boro Zone,10.0,7.0,17.0,54.489999999999995,5.068,0.1,0.7,2.0,4.0,0.1999998000002,0.33333277777870374,2.0,1.0,0.1999998000002,-0.3333322222259259,2.0,0.0,0.1999998000002,-0.9999950000249999,3.0,1.0,0.2999997000003,-0.49999875000312505,1.0,1.0,0.0999999000001,0.0,1.3333277778037036,0,0,1,Evening Dining & Nightlife Corridor,"🍸 Nightlife, Entertainment & Cultural Districts",High evening and late-night trip concentration. Massive outflow during late hours with high intra-borough social mobility.
208,Bronx,Schuylerville/Edgewater Park,Boro Zone,17.0,54.0,71.0,41.85294117647059,12.035294117647059,0.0,0.9411764705882353,11.0,4.0,0.6470584429067983,-0.46666635555576297,2.0,18.0,0.11764698961941787,0.7999996000002,4.0,15.0,0.23529397923883574,0.5789470637120717,0.0,14.0,0.0,0.9999992857147959,0.0,3.0,0.0,0.9999966666777778,-1.0456134192678346,1,4,3,Residential Morning Outflow / Commuter Origins,🏡 Residential Neighborhoods & Commuter Communities,Strong negative net flow during morning rush (passengers leave for work) and positive inflow in evening return hours.
209,Manhattan,Seaport,Yellow Zone,561.0,766.0,1327.0,22.593048128342247,4.370516934046346,0.0196078431372549,0.1622103386809269,24.0,62.0,0.04278074790052143,0.4418604137371612,126.0,236.0,0.2245989264777375,0.30386739492079023,155.0,192.0,0.2762923301908676,0.10662823900206805,232.0,245.0,0.4135472297050405,0.027253668191747,24.0,31.0,0.04278074790052143,0.1272727041322356,0.33523217473509315,0,0,1,Evening Dining & Nightlife Corridor,"🍸 Nightlife, Entertainment & Cultural Districts",High evening and late-night trip concentration. Massive outflow during late hours with high intra-borough social mobility.
210,Brooklyn,Sheepshead Bay,Boro Zone,56.0,85.0,141.0,39.80357142857143,8.894642857142857,0.0,0.39285714285714285,17.0,16.0,0.30357137436225456,-0.030303021120296626,34.0,36.0,0.6071427487245091,0.0285714244897965,4.0,20.0,0.07142855867347166,0.6666663888890046,0.0,13.0,0.0,0.9999992307698226,1.0,0.0,0.017857139668367914,-0.9999900000999989,-0.6969694100093012,1,1,3,Residential Morning Outflow / Commuter Origins,🏡 Residential Neighborhoods & Commuter Communities,Strong negative net flow during morning rush (passengers leave for work) and positive inflow in evening return hours.
211,Manhattan,SoHo,Yellow Zone,2311.0,2487.0,4798.0,16.183790566854174,2.338143660752921,0.010817827780181739,0.06620510601471224,103.0,163.0,0.04456945026149091,0.2255639012945902,716.0,911.0,0.309822586283762,0.11985248850736024,691.0,717.0,0.29900475855039044,0.01846590895975917,698.0,614.0,0.3020337503157345,-0.06402438975591167,103.0,82.0,0.04456945026149091,-0.11351350737764825,0.20709799233483103,0,0,1,Evening Dining & Nightlife Corridor,"🍸 Nightlife, Entertainment & Cultural Districts",High evening and late-night trip concentration. Massive outflow during late hours with high intra-borough social mobility.
212,Bronx,Soundview/Bruckner,Boro Zone,33.0,38.0,71.0,35.63333333333333,9.414545454545454,0.0,0.9393939393939394,15.0,5.0,0.45454531680444943,-0.49999975000012503,11.0,10.0,0.3333332323232629,-0.04761902494332146,4.0,9.0,0.1212120844811865,0.38461508875762407,1.0,13.0,0.030303021120296626,0.8571422448983965,2.0,1.0,0.06060604224059325,-0.3333322222259259,-0.884614838757749,1,4,3,Residential Morning Outflow / Commuter Origins,🏡 Residential Neighborhoods & Commuter Communities,Strong negative net flow during morning rush (passengers leave for work) and positive inflow in evening return hours.
213,Bronx,Soundview/Castle Hill,Boro Zone,82.0,99.0,181.0,36.30365853658537,9.679512195121951,0.0,0.9390243902439024,42.0,16.0,0.5121950594884074,-0.4482757847800371,24.0,39.0,0.2926828911362328,0.23809520030234915,5.0,29.0,0.0609756023200485,0.7058821453287807,3.0,14.0,0.0365853613920291,0.6470584429067983,8.0,1.0,0.09756096371207759,-0.7777769135812072,-1.1541579301088178,1,4,3,Residential Morning Outflow / Commuter Origins,🏡 Residential Neighborhoods & Commuter Communities,Strong negative net flow during morning rush (passengers leave for work) and positive inflow in evening return hours.
214,Staten Island,South Beach/Dongan Hills,Boro Zone,0.0,0.0,0.0,,,,,0.0,0.0,0.0,0.0,0.0,0.0,0.0,0.0,0.0,0.0,0.0,0.0,0.0,0.0,0.0,0.0,0.0,0.0,0.0,0.0,0.0,3,2,4,Outer-Borough & Low-Density Periphery,🌳 Outer Boroughs & Peripheral Transit Connectors,"Lower trip density, balanced off-peak demand, high cross-borough connection requirement to central urban cores."
215,Queens,South Jamaica,Boro Zone,75.0,119.0,194.0,49.92706666666667,11.204533333333334,0.0,0.84,29.0,20.0,0.386666615111118,-0.18367343190338123,18.0,30.0,0.23999996800000425,0.2499999479166775,14.0,25.0,0.18666664177778108,0.282051209730459,7.0,39.0,0.09333332088889054,0.6956520226843429,7.0,5.0,0.09333332088889054,-0.16666652777789354,-0.4657246416338402,1,4,3,Residential Morning Outflow / Commuter Origins,🏡 Residential Neighborhoods & Commuter Communities,Strong negative net flow during morning rush (passengers leave for work) and positive inflow in evening return hours.
216,Queens,South Ozone Park,Boro Zone,102.0,368.0,470.0,65.62980392156862,8.243823529411765,0.3431372549019608,0.47058823529411764,15.0,44.0,0.14705880911188146,0.4915253404194338,37.0,101.0,0.36274506247597427,0.4637680823356462,23.0,80.0,0.22549017397155158,0.5533980045244655,16.0,131.0,0.15686272971934023,0.7823128719515053,11.0,12.0,0.1078431266820464,0.043478241965981754,-0.06187266410503173,2,1,0,Core Commercial & Morning Inflow Hub,🏢 Midtown / Lower Manhattan Office & Transit Hubs,High morning dropoff volume and strong positive AM net flow. Sinks workers in morning and disperses passengers in evening rush.
217,Brooklyn,South Williamsburg,Boro Zone,14.0,119.0,133.0,31.407142857142855,9.202857142857143,0.0,0.42857142857142855,5.0,8.0,0.35714260204099857,0.23076905325457442,4.0,44.0,0.2857140816327988,0.8333331597222583,3.0,35.0,0.21428556122459913,0.8421050415513048,2.0,28.0,0.1428570408163994,0.866666377777874,0.0,4.0,0.0,0.9999975000062501,-0.6113359882967304,1,1,3,Residential Morning Outflow / Commuter Origins,🏡 Residential Neighborhoods & Commuter Communities,Strong negative net flow during morning rush (passengers leave for work) and positive inflow in evening return hours.
218,Queens,Springfield Gardens North,Boro Zone,60.0,136.0,196.0,40.15833333333333,11.299000000000001,0.016666666666666666,0.7666666666666667,23.0,15.0,0.38333326944445506,-0.2105262603878262,21.0,55.0,0.34999994166667636,0.4473683621883734,5.0,29.0,0.08333331944444676,0.7058821453287807,3.0,36.0,0.049999991666668055,0.846153629191377,8.0,1.0,0.1333333111111148,-0.7777769135812072,-0.9164084057166069,1,4,3,Residential Morning Outflow / Commuter Origins,🏡 Residential Neighborhoods & Commuter Communities,Strong negative net flow during morning rush (passengers leave for work) and positive inflow in evening return hours.
219,Queens,Springfield Gardens South,Boro Zone,57.0,151.0,208.0,65.54842105263158,14.211578947368421,0.05263157894736842,0.8771929824561403,18.0,26.0,0.3157894182825582,0.18181814049587713,12.0,41.0,0.21052627885503877,0.5471697080811871,18.0,32.0,0.3157894182825582,0.27999994400001116,4.0,45.0,0.07017542628501293,0.8367345231154034,5.0,7.0,0.08771928285626616,0.16666652777789354,-0.09818180350413402,1,4,3,Residential Morning Outflow / Commuter Origins,🏡 Residential Neighborhoods & Commuter Communities,Strong negative net flow during morning rush (passengers leave for work) and positive inflow in evening return hours.
220,Bronx,Spuyten Duyvil/Kingsbridge,Boro Zone,33.0,136.0,169.0,33.5030303030303,8.44,0.0,0.8787878787878788,16.0,12.0,0.484848337924746,-0.1428570918367529,12.0,52.0,0.36363625344355954,0.6249999023437652,4.0,26.0,0.1212120844811865,0.7333330888889704,1.0,41.0,0.030303021120296626,0.9523807256236367,0.0,5.0,0.0,0.9999980000040001,-0.8761901807257233,1,4,3,Residential Morning Outflow / Commuter Origins,🏡 Residential Neighborhoods & Commuter Communities,Strong negative net flow during morning rush (passengers leave for work) and positive inflow in evening return hours.
221,Staten Island,Stapleton,Boro Zone,1.0,1.0,2.0,7.9,1.2,0.0,0.0,0.0,0.0,0.0,0.0,0.0,0.0,0.0,0.0,1.0,1.0,0.9999900000999989,0.0,0.0,0.0,0.0,0.0,0.0,0.0,0.0,0.0,0.0,0,0,1,Evening Dining & Nightlife Corridor,"🍸 Nightlife, Entertainment & Cultural Districts",High evening and late-night trip concentration. Massive outflow during late hours with high intra-borough social mobility.
222,Brooklyn,Starrett City,Boro Zone,63.0,79.0,142.0,33.699999999999996,7.704285714285715,0.015873015873015872,0.4603174603174603,17.0,12.0,0.26984122700932905,-0.17241373365043666,29.0,33.0,0.46031738725120835,0.06451611862643247,11.0,19.0,0.17460314688838938,0.2666665777778074,1.0,14.0,0.015873013353489944,0.8666660888892741,5.0,1.0,0.07936506676744971,-0.6666655555574075,-0.43908031142824405,1,1,3,Residential Morning Outflow / Commuter Origins,🏡 Residential Neighborhoods & Commuter Communities,Strong negative net flow during morning rush (passengers leave for work) and positive inflow in evening return hours.
223,Queens,Steinway,Boro Zone,73.0,328.0,401.0,45.64684931506849,5.693561643835617,0.0547945205479452,0.726027397260274,18.0,26.0,0.24657530868831387,0.18181814049587713,27.0,78.0,0.3698629630324708,0.4857142394557867,18.0,70.0,0.24657530868831387,0.5909090237603382,8.0,127.0,0.10958902608369506,0.8814814161865617,2.0,27.0,0.027397256520923764,0.8620686682521834,-0.409090883264461,2,1,0,Core Commercial & Morning Inflow Hub,🏢 Midtown / Lower Manhattan Office & Transit Hubs,High morning dropoff volume and strong positive AM net flow. Sinks workers in morning and disperses passengers in evening rush.
224,Manhattan,Stuy Town/Peter Cooper Village,Yellow Zone,298.0,1121.0,1419.0,16.564362416107382,2.6223489932885906,0.016778523489932886,0.07046979865771812,50.0,43.0,0.16778522926895206,-0.07526880911088074,110.0,274.0,0.3691275043916945,0.42708332221137185,61.0,372.0,0.2046979797081215,0.7182447871075107,59.0,404.0,0.19798657053736343,0.745140372675154,18.0,28.0,0.06040268253682274,0.21739125708885715,-0.7935135962183915,2,0,0,Core Commercial & Morning Inflow Hub,🏢 Midtown / Lower Manhattan Office & Transit Hubs,High morning dropoff volume and strong positive AM net flow. Sinks workers in morning and disperses passengers in evening rush.
225,Brooklyn,Stuyvesant Heights,Boro Zone,138.0,331.0,469.0,29.673188405797102,6.433260869565217,0.0,0.5217391304347826,43.0,38.0,0.3115941803192623,-0.06172838744093982,48.0,89.0,0.34782606175173464,0.29927005114817146,33.0,67.0,0.23913041745431757,0.3399999660000034,7.0,117.0,0.0507246340054613,0.8870967026534917,7.0,20.0,0.0507246340054613,0.4814813031550729,-0.4017283534409432,1,1,3,Residential Morning Outflow / Commuter Origins,🏡 Residential Neighborhoods & Commuter Communities,Strong negative net flow during morning rush (passengers leave for work) and positive inflow in evening return hours.
226,Queens,Sunnyside,Boro Zone,250.0,460.0,710.0,48.62224,6.7056000000000004,0.34,0.36,57.0,50.0,0.22799999088000036,-0.06542055463359302,90.0,109.0,0.35999998560000057,0.09547738213681496,54.0,88.0,0.21599999136000034,0.23943660285657725,32.0,167.0,0.1279999948800002,0.6783919257089485,17.0,46.0,0.06799999728000011,0.46031738725120835,-0.3048571574901703,2,1,0,Core Commercial & Morning Inflow Hub,🏢 Midtown / Lower Manhattan Office & Transit Hubs,High morning dropoff volume and strong positive AM net flow. Sinks workers in morning and disperses passengers in evening rush.
227,Brooklyn,Sunset Park East,Boro Zone,32.0,71.0,103.0,31.125,8.509375,0.0,0.28125,10.0,13.0,0.3124999023437805,0.13043472589794528,17.0,26.0,0.5312498339844268,0.2093022769064472,1.0,12.0,0.03124999023437805,0.8461531952667729,3.0,17.0,0.09374997070313415,0.699999650000175,1.0,3.0,0.03124999023437805,0.49999875000312505,-0.7157184693688277,1,1,3,Residential Morning Outflow / Commuter Origins,🏡 Residential Neighborhoods & Commuter Communities,Strong negative net flow during morning rush (passengers leave for work) and positive inflow in evening return hours.
228,Brooklyn,Sunset Park West,Boro Zone,45.0,143.0,188.0,36.72,9.73488888888889,0.022222222222222223,0.4444444444444444,11.0,27.0,0.24444439012346886,0.4210525207756524,19.0,49.0,0.42222212839508255,0.44117640570935207,12.0,31.0,0.26666660740742054,0.44186036235805526,3.0,33.0,0.06666665185185514,0.8333331018519161,0.0,3.0,0.0,0.9999966666777778,-0.020807841582402842,2,1,0,Core Commercial & Morning Inflow Hub,🏢 Midtown / Lower Manhattan Office & Transit Hubs,High morning dropoff volume and strong positive AM net flow. Sinks workers in morning and disperses passengers in evening rush.
229,Manhattan,Sutton Place/Turtle Bay North,Yellow Zone,5207.0,6392.0,11599.0,14.517476473977338,2.001108123679662,0.0180526214710966,0.05511811023622047,858.0,533.0,0.1647781828984479,-0.23364485813339428,1894.0,2065.0,0.3637411170275761,0.043192725326616,1346.0,1807.0,0.25849817503649286,0.14620995830570896,1020.0,1869.0,0.19589014750165135,0.2938733115476867,89.0,118.0,0.017092375615340168,0.14009661158953568,-0.37985481643910324,0,0,1,Evening Dining & Nightlife Corridor,"🍸 Nightlife, Entertainment & Cultural Districts",High evening and late-night trip concentration. Massive outflow during late hours with high intra-borough social mobility.
230,Manhattan,Times Sq/Theatre District,Yellow Zone,10022.0,9165.0,19187.0,19.090112751945718,2.9651526641388943,0.06964677709040112,0.11634404310516863,908.0,1295.0,0.09060067841688219,0.1756695407368609,2896.0,3339.0,0.2889642782987784,0.07105052113704809,2827.0,2696.0,0.28207942498295807,-0.0237189932577965,3139.0,1660.0,0.3132109356284066,-0.30818920544240636,252.0,175.0,0.025144681675169946,-0.18032786462932401,0.1993885339946574,0,0,1,Evening Dining & Nightlife Corridor,"🍸 Nightlife, Entertainment & Cultural Districts",High evening and late-night trip concentration. Massive outflow during late hours with high intra-borough social mobility.
231,Manhattan,TriBeCa/Civic Center,Yellow Zone,3907.0,4711.0,8618.0,18.84036856923471,3.1058561556181212,0.016380854875863833,0.09239825953416944,373.0,614.0,0.09546966957903846,0.24417426297695782,1207.0,1363.0,0.3089326841337786,0.060700388868870074,1172.0,1245.0,0.29997440414646936,0.030202730532880716,1043.0,1322.0,0.2669567436218153,0.11797040119251415,112.0,167.0,0.028666495959389564,0.1971326094217703,0.2139715324440771,0,0,1,Evening Dining & Nightlife Corridor,"🍸 Nightlife, Entertainment & Cultural Districts",High evening and late-night trip concentration. Massive outflow during late hours with high intra-borough social mobility.
232,Manhattan,Two Bridges/Seward Park,Yellow Zone,313.0,1286.0,1599.0,21.110191693290734,3.9181469648562306,0.012779552715654952,0.22364217252396165,34.0,102.0,0.10862619461258165,0.49999996323529683,87.0,330.0,0.2779552626851354,0.5827337989752087,63.0,362.0,0.20127794884096012,0.703529395211073,101.0,442.0,0.32268369576090433,0.6279926219522538,28.0,50.0,0.08945686615153783,0.2820512458908659,-0.20352943197577622,2,1,0,Core Commercial & Morning Inflow Hub,🏢 Midtown / Lower Manhattan Office & Transit Hubs,High morning dropoff volume and strong positive AM net flow. Sinks workers in morning and disperses passengers in evening rush.
233,Manhattan,UN/Turtle Bay South,Yellow Zone,3346.0,4384.0,7730.0,17.350436341900778,2.7275224148236705,0.057083084279737,0.10938433950986252,467.0,582.0,0.13956963496841113,0.10962821630478345,1279.0,1389.0,0.3822474585109161,0.041229385152813394,979.0,1092.0,0.29258816409866056,0.054563012773717945,558.0,1189.0,0.1667662876067953,0.361190610411044,63.0,132.0,0.018828451826573663,0.3538461357001982,0.055065203531065504,0,0,1,Evening Dining & Nightlife Corridor,"🍸 Nightlife, Entertainment & Cultural Districts",High evening and late-night trip concentration. Massive outflow during late hours with high intra-borough social mobility.
234,Manhattan,Union Sq,Yellow Zone,8525.0,7331.0,15856.0,14.518675659824048,1.9675800586510264,0.008680351906158358,0.04480938416422287,610.0,1018.0,0.07155425211547889,0.2506142490748511,2726.0,2637.0,0.3197653955193368,-0.016595189228798827,2594.0,2090.0,0.30428152456975777,-0.10760034135866708,2428.0,1447.0,0.28480938383013565,-0.25316128966926116,167.0,139.0,0.01958944279227045,-0.09150326498355343,0.35821459043351817,0,0,1,Evening Dining & Nightlife Corridor,"🍸 Nightlife, Entertainment & Cultural Districts",High evening and late-night trip concentration. Massive outflow during late hours with high intra-borough social mobility.
235,Bronx,University Heights/Morris Heights,Boro Zone,63.0,80.0,143.0,35.24761904761905,8.885873015873015,0.0,0.8571428571428571,32.0,13.0,0.5079364273116782,-0.42222212839508255,18.0,30.0,0.28571424036281895,0.2499999479166775,3.0,18.0,0.04761904006046983,0.7142853741498219,3.0,17.0,0.04761904006046983,0.699999650000175,7.0,2.0,0.1111110934744296,-0.5555549382722909,-1.1365075025449043,1,4,3,Residential Morning Outflow / Commuter Origins,🏡 Residential Neighborhoods & Commuter Communities,Strong negative net flow during morning rush (passengers leave for work) and positive inflow in evening return hours.
236,Manhattan,Upper East Side North,Yellow Zone,13843.0,14366.0,28209.0,13.405964747525825,1.8687466589612078,0.012425052373040526,0.02716174239687929,2407.0,1773.0,0.1738784944203724,-0.15167464078546739,6024.0,5792.0,0.43516578744841017,-0.019634394025360196,3874.0,4067.0,0.27985263289759976,0.024304243767404303,1476.0,2628.0,0.10662428656604472,0.2807017537019938,62.0,106.0,0.004478797945186161,0.26190474631519367,-0.1759788845528717,0,0,1,Evening Dining & Nightlife Corridor,"🍸 Nightlife, Entertainment & Cultural Districts",High evening and late-night trip concentration. Massive outflow during late hours with high intra-borough social mobility.
237,Manhattan,Upper East Side South,Yellow Zone,16231.0,14428.0,30659.0,13.080167580555727,1.7190598237939745,0.010658616228205285,0.03154457519561333,2011.0,1852.0,0.12389871226424823,-0.04115972031799192,6755.0,6249.0,0.41617891663102774,-0.03891110424568509,4545.0,3995.0,0.2800197151869757,-0.06440281022903653,2826.0,2226.0,0.17411126845289182,-0.1187648453706159,94.0,106.0,0.005791386848751533,0.05999999700000015,0.02324308991104461,0,0,1,Evening Dining & Nightlife Corridor,"🍸 Nightlife, Entertainment & Cultural Districts",High evening and late-night trip concentration. Massive outflow during late hours with high intra-borough social mobility.
238,Manhattan,Upper West Side North,Yellow Zone,5655.0,6713.0,12368.0,13.758671971706454,2.1256357206012377,0.014323607427055704,0.03094606542882405,1001.0,620.0,0.1770114939398559,-0.23504009725453365,2419.0,2340.0,0.4277630407997117,-0.016600126042025373,1486.0,1983.0,0.2627763036909349,0.14326895317593266,675.0,1678.0,0.11936339501438835,0.426264341579837,74.0,92.0,0.013085764786762573,0.10843372840760672,-0.3783090504304663,0,0,1,Evening Dining & Nightlife Corridor,"🍸 Nightlife, Entertainment & Cultural Districts",High evening and late-night trip concentration. Massive outflow during late hours with high intra-borough social mobility.
239,Manhattan,Upper West Side South,Yellow Zone,7919.0,8377.0,16296.0,13.8020381361283,2.0679492360146483,0.016416214168455612,0.030306856926379595,1090.0,674.0,0.13764364170015958,-0.23582766306220146,3242.0,3031.0,0.4093951251301994,-0.033636218661507705,2210.0,2600.0,0.2790756405113327,0.08108108091251336,1310.0,1979.0,0.16542492718092572,0.20340528974337097,67.0,93.0,0.008460664214596965,0.16249998984375064,-0.3169087439747148,0,0,1,Evening Dining & Nightlife Corridor,"🍸 Nightlife, Entertainment & Cultural Districts",High evening and late-night trip concentration. Massive outflow during late hours with high intra-borough social mobility.
240,Bronx,Van Cortlandt Park,Boro Zone,8.0,14.0,22.0,32.8375,8.20375,0.0,0.75,3.0,3.0,0.37499953125058594,0.0,3.0,4.0,0.37499953125058594,0.14285693877580175,1.0,1.0,0.12499984375019532,0.0,0.0,3.0,0.0,0.9999966666777778,1.0,3.0,0.12499984375019532,0.49999875000312505,0.0,1,1,3,Residential Morning Outflow / Commuter Origins,🏡 Residential Neighborhoods & Commuter Communities,Strong negative net flow during morning rush (passengers leave for work) and positive inflow in evening return hours.
241,Bronx,Van Cortlandt Village,Boro Zone,37.0,64.0,101.0,39.608108108108105,10.51081081081081,0.0,0.8648648648648649,15.0,11.0,0.4054052958364065,-0.15384609467457896,16.0,15.0,0.4324323155588336,-0.03225805411030513,3.0,17.0,0.0810810591672813,0.699999650000175,2.0,17.0,0.0540540394448542,0.7894732686982796,1.0,4.0,0.0270270197224271,0.5999988000024,-0.853845744674754,1,4,3,Residential Morning Outflow / Commuter Origins,🏡 Residential Neighborhoods & Commuter Communities,Strong negative net flow during morning rush (passengers leave for work) and positive inflow in evening return hours.
242,Bronx,Van Nest/Morris Park,Boro Zone,45.0,76.0,121.0,34.49355555555556,9.73111111111111,0.0,0.6,11.0,22.0,0.24444439012346886,0.3333332323232629,21.0,32.0,0.466666562962986,0.20754713065148478,6.0,9.0,0.13333330370371027,0.19999986666675557,4.0,7.0,0.08888886913580685,0.2727270247936138,3.0,6.0,0.06666665185185514,0.3333329629633745,0.13333336565650733,2,1,0,Core Commercial & Morning Inflow Hub,🏢 Midtown / Lower Manhattan Office & Transit Hubs,High morning dropoff volume and strong positive AM net flow. Sinks workers in morning and disperses passengers in evening rush.
243,Manhattan,Washington Heights North,Boro Zone,74.0,461.0,535.0,25.694594594594594,5.9202702702702705,0.0,0.2972972972972973,19.0,33.0,0.2567567220599024,0.26923071745563126,33.0,124.0,0.4459458856829884,0.5796177974765734,10.0,96.0,0.13513511687363286,0.8113206781772945,11.0,186.0,0.14864862856099614,0.8883248280038158,1.0,22.0,0.013513511687363285,0.9130430812856168,-0.5420899607216632,2,1,0,Core Commercial & Morning Inflow Hub,🏢 Midtown / Lower Manhattan Office & Transit Hubs,High morning dropoff volume and strong positive AM net flow. Sinks workers in morning and disperses passengers in evening rush.
244,Manhattan,Washington Heights South,Boro Zone,225.0,788.0,1013.0,26.364888888888892,5.638977777777778,0.008888888888888889,0.3022222222222222,47.0,134.0,0.20888887960493868,0.4806629568694499,111.0,269.0,0.4933333114074084,0.4157894627423826,35.0,139.0,0.15555554864197563,0.5977011150746485,25.0,201.0,0.11111110617283973,0.7787610274884501,7.0,45.0,0.031111109728395123,0.7307690902367133,-0.11703815820519864,2,1,0,Core Commercial & Morning Inflow Hub,🏢 Midtown / Lower Manhattan Office & Transit Hubs,High morning dropoff volume and strong positive AM net flow. Sinks workers in morning and disperses passengers in evening rush.
245,Staten Island,West Brighton,Boro Zone,0.0,2.0,2.0,,,,,0.0,0.0,0.0,0.0,0.0,0.0,0.0,0.0,0.0,1.0,0.0,0.9999900000999989,0.0,1.0,0.0,0.9999900000999989,0.0,0.0,0.0,0.0,-0.9999900000999989,3,2,4,Outer-Borough & Low-Density Periphery,🌳 Outer Boroughs & Peripheral Transit Connectors,"Lower trip density, balanced off-peak demand, high cross-borough connection requirement to central urban cores."
246,Manhattan,West Chelsea/Hudson Yards,Yellow Zone,5456.0,6025.0,11481.0,16.60491202346041,2.3713288123167153,0.013379765395894428,0.05443548387096774,312.0,1026.0,0.05718475062832707,0.5336322830072325,1857.0,2122.0,0.3403592369128313,0.06659964798542435,1914.0,1664.0,0.3508064509699295,-0.0698714363614549,1149.0,1100.0,0.21059384125624298,-0.02178746099694326,224.0,113.0,0.04105571839982457,-0.3293768448256129,0.6035037193686874,0,0,1,Evening Dining & Nightlife Corridor,"🍸 Nightlife, Entertainment & Cultural Districts",High evening and late-night trip concentration. Massive outflow during late hours with high intra-borough social mobility.
247,Bronx,West Concourse,Boro Zone,70.0,135.0,205.0,30.52857142857143,6.226285714285715,0.0,0.8285714285714286,21.0,19.0,0.29999995714286326,-0.04999998750000312,23.0,52.0,0.32857138163265975,0.386666615111118,7.0,34.0,0.09999998571428775,0.6585364247472134,15.0,26.0,0.21428568367347375,0.2682926174896055,4.0,4.0,0.057142848979593,0.0,-0.7085364122472165,1,1,3,Residential Morning Outflow / Commuter Origins,🏡 Residential Neighborhoods & Commuter Communities,Strong negative net flow during morning rush (passengers leave for work) and positive inflow in evening return hours.
248,Bronx,West Farms/Bronx River,Boro Zone,34.0,32.0,66.0,37.205882352941174,10.938235294117646,0.0,0.9117647058823529,19.0,3.0,0.5588233650519514,-0.7272723966943652,10.0,10.0,0.2941175605536586,0.0,2.0,9.0,0.058823512110731724,0.6363630578517656,0.0,10.0,0.0,0.9999990000010001,3.0,0.0,0.08823526816609759,-0.9999966666777778,-1.3636354545461309,1,4,3,Residential Morning Outflow / Commuter Origins,🏡 Residential Neighborhoods & Commuter Communities,Strong negative net flow during morning rush (passengers leave for work) and positive inflow in evening return hours.
249,Manhattan,West Village,Yellow Zone,6076.0,5128.0,11204.0,14.781050032916394,2.127435813034891,0.003785385121790652,0.053489137590520076,430.0,274.0,0.07077024346482844,-0.221590905943311,1255.0,1348.0,0.20655036174037136,0.03572800600949671,1174.0,1688.0,0.19321922285513624,0.17959468840113665,2766.0,1642.0,0.4552337056365476,-0.2549909250113636,451.0,176.0,0.0742264646572968,-0.438596484232911,-0.40118559434444767,0,0,1,Evening Dining & Nightlife Corridor,"🍸 Nightlife, Entertainment & Cultural Districts",High evening and late-night trip concentration. Massive outflow during late hours with high intra-borough social mobility.
250,Bronx,Westchester Village/Unionport,Boro Zone,34.0,37.0,71.0,33.2235294117647,8.491176470588234,0.0,0.7941176470588235,16.0,9.0,0.4705880968858538,-0.2799998880000448,12.0,13.0,0.35294107266439034,0.0399999840000064,4.0,7.0,0.11764702422146345,0.2727270247936138,1.0,4.0,0.029411756055365862,0.5999988000024,1.0,4.0,0.029411756055365862,0.5999988000024,-0.5527269127936587,1,4,3,Residential Morning Outflow / Commuter Origins,🏡 Residential Neighborhoods & Commuter Communities,Strong negative net flow during morning rush (passengers leave for work) and positive inflow in evening return hours.
251,Staten Island,Westerleigh,Boro Zone,0.0,5.0,5.0,,,,,0.0,0.0,0.0,0.0,0.0,2.0,0.0,0.9999950000249999,0.0,2.0,0.0,0.9999950000249999,0.0,1.0,0.0,0.9999900000999989,0.0,0.0,0.0,0.0,-0.9999950000249999,3,2,4,Outer-Borough & Low-Density Periphery,🌳 Outer Boroughs & Peripheral Transit Connectors,"Lower trip density, balanced off-peak demand, high cross-borough connection requirement to central urban cores."
252,Queens,Whitestone,Boro Zone,4.0,68.0,72.0,38.475,13.3975,0.0,0.75,1.0,5.0,0.24999937500156252,0.6666655555574075,0.0,23.0,0.0,0.9999995652175804,1.0,13.0,0.24999937500156252,0.8571422448983965,2.0,23.0,0.49999875000312505,0.8399996640001344,0.0,4.0,0.0,0.9999975000062501,-0.19047668934098905,2,1,0,Core Commercial & Morning Inflow Hub,🏢 Midtown / Lower Manhattan Office & Transit Hubs,High morning dropoff volume and strong positive AM net flow. Sinks workers in morning and disperses passengers in evening rush.
253,Queens,Willets Point,Boro Zone,2.0,5.0,7.0,124.15,21.560000000000002,0.0,1.0,0.0,0.0,0.0,0.0,0.0,1.0,0.0,0.9999900000999989,0.0,0.0,0.0,0.0,2.0,4.0,0.9999950000249999,0.33333277777870374,0.0,0.0,0.0,0.0,0.0,2,0,0,Core Commercial & Morning Inflow Hub,🏢 Midtown / Lower Manhattan Office & Transit Hubs,High morning dropoff volume and strong positive AM net flow. Sinks workers in morning and disperses passengers in evening rush.
254,Bronx,Williamsbridge/Olinville,Boro Zone,65.0,76.0,141.0,42.05538461538461,12.111230769230769,0.0,0.7846153846153846,21.0,9.0,0.3230768733727887,-0.3999998666667111,26.0,34.0,0.3999999384615479,0.1333333111111148,9.0,20.0,0.1384615171597666,0.37931021403096066,4.0,12.0,0.061538452071007374,0.4999996875001953,5.0,1.0,0.07692306508875921,-0.6666655555574075,-0.7793100806976718,1,4,3,Residential Morning Outflow / Commuter Origins,🏡 Residential Neighborhoods & Commuter Communities,Strong negative net flow during morning rush (passengers leave for work) and positive inflow in evening return hours.
255,Brooklyn,Williamsburg (North Side),Boro Zone,102.0,812.0,914.0,23.946568627450983,4.086078431372549,0.0392156862745098,0.5784313725490197,2.0,40.0,0.01960784121491753,0.9047616893424548,14.0,167.0,0.1372548885044227,0.8453038207014464,16.0,209.0,0.15686272971934023,0.8577777396543227,55.0,349.0,0.539215633410232,0.7277227542642883,15.0,47.0,0.14705880911188146,0.5161289490114598,0.04698394968813213,2,1,0,Core Commercial & Morning Inflow Hub,🏢 Midtown / Lower Manhattan Office & Transit Hubs,High morning dropoff volume and strong positive AM net flow. Sinks workers in morning and disperses passengers in evening rush.
256,Brooklyn,Williamsburg (South Side),Boro Zone,109.0,657.0,766.0,26.770642201834864,4.957614678899082,0.06422018348623854,0.5229357798165137,13.0,24.0,0.11926604410403265,0.2972972169466981,22.0,134.0,0.20183484386836295,0.7179486719263671,14.0,151.0,0.12844035518895824,0.8303029799816376,48.0,307.0,0.44036693207642824,0.7295774442372551,12.0,41.0,0.11009173301910706,0.5471697080811871,-0.5330057630349395,2,1,0,Core Commercial & Morning Inflow Hub,🏢 Midtown / Lower Manhattan Office & Transit Hubs,High morning dropoff volume and strong positive AM net flow. Sinks workers in morning and disperses passengers in evening rush.
257,Brooklyn,Windsor Terrace,Boro Zone,15.0,131.0,146.0,29.12,6.432,0.0,0.5333333333333333,4.0,5.0,0.2666664888890074,0.11111098765445816,7.0,22.0,0.46666635555576297,0.51724120095131,2.0,33.0,0.1333332444445037,0.8857140326531334,1.0,68.0,0.06666662222225185,0.9710143520269054,1.0,3.0,0.06666662222225185,0.49999875000312505,-0.7746030449986753,1,1,3,Residential Morning Outflow / Commuter Origins,🏡 Residential Neighborhoods & Commuter Communities,Strong negative net flow during morning rush (passengers leave for work) and positive inflow in evening return hours.
258,Queens,Woodhaven,Boro Zone,24.0,101.0,125.0,32.22375,6.989999999999999,0.0,0.7916666666666666,9.0,9.0,0.3749998437500651,0.0,9.0,33.0,0.3749998437500651,0.571428435374182,5.0,23.0,0.20833324652781396,0.6428569132653881,0.0,26.0,0.0,0.9999996153847633,1.0,10.0,0.04166664930556279,0.8181810743808415,-0.6428569132653881,1,1,3,Residential Morning Outflow / Commuter Origins,🏡 Residential Neighborhoods & Commuter Communities,Strong negative net flow during morning rush (passengers leave for work) and positive inflow in evening return hours.
259,Bronx,Woodlawn/Wakefield,Boro Zone,36.0,46.0,82.0,45.69444444444444,13.397222222222222,0.0,0.8611111111111112,13.0,7.0,0.36111101080249697,-0.299999850000075,12.0,13.0,0.3333332407407664,0.0399999840000064,5.0,12.0,0.13888885030865267,0.41176446366796254,2.0,12.0,0.055555540123461075,0.7142852040819971,4.0,2.0,0.11111108024692215,-0.33333277777870374,-0.7117643136680376,1,4,3,Residential Morning Outflow / Commuter Origins,🏡 Residential Neighborhoods & Commuter Communities,Strong negative net flow during morning rush (passengers leave for work) and positive inflow in evening return hours.
260,Queens,Woodside,Boro Zone,67.0,154.0,221.0,35.74522388059701,5.6002985074626865,0.1044776119402985,0.5373134328358209,19.0,19.0,0.2835820472265601,0.0,26.0,36.0,0.3880596435731875,0.16129029656608118,12.0,27.0,0.1791044508799327,0.38461528599608047,7.0,54.0,0.1044775963466274,0.7704916769685775,3.0,18.0,0.04477611271998318,0.7142853741498219,-0.38461528599608047,2,1,0,Core Commercial & Morning Inflow Hub,🏢 Midtown / Lower Manhattan Office & Transit Hubs,High morning dropoff volume and strong positive AM net flow. Sinks workers in morning and disperses passengers in evening rush.
261,Manhattan,World Trade Center,Yellow Zone,1412.0,1368.0,2780.0,23.314313031161472,4.185389518413598,0.04461756373937677,0.14730878186968838,89.0,193.0,0.0630311610266915,0.3687943131633223,561.0,481.0,0.39730877905588685,-0.07677543112499587,488.0,266.0,0.3456090627081511,-0.29442970431790844,258.0,380.0,0.18271954544816185,0.19122256753569644,16.0,48.0,0.011331444678955775,0.4999999218750122,0.6632240174812307,0,0,1,Evening Dining & Nightlife Corridor,"🍸 Nightlife, Entertainment & Cultural Districts",High evening and late-night trip concentration. Massive outflow during late hours with high intra-borough social mobility.
262,Manhattan,Yorkville East,Yellow Zone,3980.0,4685.0,8665.0,14.372886934673366,2.300854271356784,0.025879396984924623,0.04472361809045226,1024.0,356.0,0.2572864315143557,-0.48405796750682634,1656.0,1485.0,0.41608040096462207,-0.05444126057166106,939.0,1434.0,0.23592964764841795,0.20859671214244957,295.0,1330.0,0.0741206028288427,0.6369230730035503,66.0,80.0,0.016582914531198707,0.09589040439106819,-0.6926546796492759,0,0,1,Evening Dining & Nightlife Corridor,"🍸 Nightlife, Entertainment & Cultural Districts",High evening and late-night trip concentration. Massive outflow during late hours with high intra-borough social mobility.
263,Manhattan,Yorkville West,Yellow Zone,5417.0,6246.0,11663.0,13.297373084733247,2.093236108547166,0.022337086948495476,0.050766106701126086,944.0,500.0,0.17426619868143586,-0.30747922224737384,1928.0,1864.0,0.35591655832394953,-0.01687763708629315,1321.0,1995.0,0.24386191573959404,0.20325693545459306,1084.0,1779.0,0.20011076204520814,0.24275235681888802,140.0,108.0,0.025844563363772267,-0.1290322528616027,-0.5107361577019669,0,0,1,Evening Dining & Nightlife Corridor,"🍸 Nightlife, Entertainment & Cultural Districts",High evening and late-night trip concentration. Massive outflow during late hours with high intra-borough social mobility.
264,Unknown,,,531.0,645.0,1176.0,21.86638418079096,4.000734463276836,0.02071563088512241,0.6214689265536724,88.0,103.0,0.16572504395998033,0.07853402730188339,185.0,235.0,0.3483992401431405,0.119047616213152,143.0,154.0,0.2693031964349681,0.0370370357899988,103.0,138.0,0.19397363099861337,0.14522820974156805,12.0,15.0,0.02259886963090641,0.11111106995886298,0.04149699151188459,0,1,1,Evening Dining & Nightlife Corridor,"🍸 Nightlife, Entertainment & Cultural Districts",High evening and late-night trip concentration. Massive outflow during late hours with high intra-borough social mobility.
265,,Outside of NYC,,52.0,1486.0,1538.0,76.63596153846154,7.766153846153846,0.17307692307692307,1.0,7.0,142.0,0.13461535872781563,0.9060402076483082,13.0,413.0,0.24999995192308616,0.9389671141087532,12.0,360.0,0.23076918639054106,0.9354838458203268,14.0,497.0,0.26923071745563126,0.9452054609548834,6.0,74.0,0.11538459319527053,0.8499998937500133,-0.02944363817201867,2,1,0,Core Commercial & Morning Inflow Hub,🏢 Midtown / Lower Manhattan Office & Transit Hubs,High morning dropoff volume and strong positive AM net flow. Sinks workers in morning and disperses passengers in evening rush.
